id,nom,vertical,ville,site,telephone,mobile_gerant,email,pubs_actives,landing_lead,avis_google_gt20,multi_villes,score,statut,source,mots_cles_ad_library,hook,hook_type,notes,date_ajout,derniere_relance,decideur,resultat_appel,douleur_rappel,demo_planifiee,close,sequence_step,last_touch_at,next_touch_at,touches_count
SEED-001,Les Installateurs,pac_clim,Île-de-France,https://www.lesinstallateurs.fr/,01 84 24 01 72,,,oui,oui,oui,oui,5,A_APPELER,research_web,pompe à chaleur OR climatisation OR chauffagiste RGE,pubs PAC/clim IDF devis,1,Landing devis + multi-dept IDF,2026-07-26,,,,,,,0,,,0
SEED-002,MBC Énergie,pac_clim,Essonne,https://www.mbc-energie.fr/,,,,a_verifier,oui,oui,non,3,A_ENRICHIR,research_web,pompe à chaleur OR climatisation OR chauffagiste RGE,,,104 avis Google mentionnés — trouver tel,2026-07-26,,,,,,,,,,0
SEED-003,DECREB Rénovation,pac_clim,Île-de-France,https://decreb.fr/,07 62 67 93 58,,,a_verifier,oui,a_verifier,oui,4,A_APPELER,research_web,pompe à chaleur OR climatisation OR chauffagiste RGE,devis PAC IDF RGE,1,Form devis + contact@decreb.fr,2026-07-26,,,,,,,0,,,0
SEED-004,Optihome,pac_clim,Nord,https://www.optihome.fr/,03 20 76 81 87,,,a_verifier,oui,a_verifier,non,3,A_APPELER,research_web,pompe à chaleur OR climatisation OR chauffagiste RGE,PAC Qualipac Nord,5,RGE Qualipac Lambersart/Roncq,2026-07-26,,,,,,,0,,,0
SEED-005,VilaRenov,pac_clim,Loire-Atlantique,https://www.vilarenov.fr/,02 46 99 09 84,,,a_verifier,oui,a_verifier,oui,4,A_APPELER,research_web,pompe à chaleur OR climatisation OR chauffagiste RGE,chauffage multi-villes Ouest,4,Multi-villes Ouest + form devis,2026-07-26,,,,,,,0,,,0
SEED-006,Homeland Énergies,pac_clim,France,https://www.homeland-energies.fr/,,,,a_verifier,oui,a_verifier,oui,3,A_ENRICHIR,research_web,pompe à chaleur OR climatisation OR chauffagiste RGE,,,Marque ads fréquente — vérifier Ad Library,2026-07-26,,,,,,,,,,0
SEED-007,Effy,reno,France,https://www.effy.fr/,,,,oui,oui,oui,oui,5,A_APPELER,research_web,isolation OR MaPrimeRénov OR rénovation énergétique OR menuiserie,,,Gros spend ads — joindre partenaire/franchise local,2026-07-26,,,,,,,0,,,0
SEED-008,Hello Watt,reno,France,https://www.hellowatt.fr/,,,,oui,oui,oui,oui,5,A_QUALIFIER,research_web,isolation OR MaPrimeRénov OR rénovation énergétique OR menuiserie,,,Lead platform — tester si acheteur B2B outil rappel,2026-07-26,,,,,,,,,,0
SEED-009,Quelle Énergie,reno,France,https://www.quelleenergie.fr/,,,,oui,oui,oui,oui,5,A_QUALIFIER,research_web,isolation OR MaPrimeRénov OR rénovation énergétique OR menuiserie,,,Lead gen — cibler installateurs partenaires,2026-07-26,,,,,,,,,,0
SEED-010,Otodé,pac_clim,France,https://otode.fr/,,,,a_verifier,oui,a_verifier,oui,3,A_ENRICHIR,research_web,pompe à chaleur OR climatisation OR chauffagiste RGE,,,Présence ads habitat,2026-07-26,,,,,,,,,,0
SEED-011,Engie Home Services (partenaire local),pac_clim,France,https://www.engie-homeservices.fr/,,,,oui,oui,oui,oui,5,A_QUALIFIER,research_web,pompe à chaleur OR climatisation OR chauffagiste RGE,,,Cibler franchisés/partenaires pas le siège,2026-07-26,,,,,,,,,,0
SEED-012,Izi by EDF,reno,France,https://izi-by-edf-renov.fr/,,,,oui,oui,oui,oui,5,A_QUALIFIER,research_web,isolation OR MaPrimeRénov OR rénovation énergétique OR menuiserie,,,Réseau — cibler artisans du réseau,2026-07-26,,,,,,,,,,0
SEED-013,TotalEnergies Rénovation,reno,France,https://renovation.totalenergies.fr/,,,,oui,oui,oui,oui,5,A_QUALIFIER,research_web,isolation OR MaPrimeRénov OR rénovation énergétique OR menuiserie,,,Partenaires locaux,2026-07-26,,,,,,,,,,0
SEED-014,Dualsun installateurs,solaire,France,https://dualsun.com/,,,,a_verifier,oui,a_verifier,oui,3,A_ENRICHIR,research_web,panneaux solaires OR photovoltaïque OR devis solaire,,,Réseau installateurs solaires,2026-07-26,,,,,,,,,,0
SEED-015,My Light Systems partenaires,solaire,France,https://mylight-systems.com/,,,,a_verifier,oui,a_verifier,oui,3,A_ENRICHIR,research_web,panneaux solaires OR photovoltaïque OR devis solaire,,,Batterie/solaire — partenaires,2026-07-26,,,,,,,,,,0
SEED-016,Hello Watt (équipe partenaires),reno,France,https://www.hellowatt.fr/,09 78 46 70 64,,,oui,oui,oui,oui,5,A_QUALIFIER,research_web,isolation OR MaPrimeRénov OR rénovation énergétique OR menuiserie,gros flux leads reno,5,Gros ads — cibler responsables partenaires/installateurs du réseau,2026-07-26,,,,,,,,,,0
SEED-017,Pompe à Chaleur Maison (lead gen),pac_clim,France,https://pompe-a-chaleur-maison.fr/,,,,oui,oui,a_verifier,oui,4,A_ENRICHIR,research_web,pompe à chaleur OR climatisation OR chauffagiste RGE,,,"Lead marketplace — utile pour trouver installateurs partenaires, pas client final idéal",2026-07-26,,,,,,,,,,0
SEED-018,Installateur Pompe Chaleur (lead gen),pac_clim,France,https://installateur-pompe-chaleur.fr/,,,,oui,oui,a_verifier,oui,4,A_ENRICHIR,research_web,pompe à chaleur OR climatisation OR chauffagiste RGE,,,Lead marketplace nationale,2026-07-26,,,,,,,,,,0
SEED-019,Installateur PAC RGE,pac_clim,France,https://installateur-pac-rge.fr/,,,,a_verifier,oui,oui,oui,4,A_ENRICHIR,research_web,pompe à chaleur OR climatisation OR chauffagiste RGE,,,Site devis 48h — trouver tel mentions légales,2026-07-26,,,,,,,,,,0
SEED-020,France Rénov' annuaire RGE,reno,France,https://france-renov.gouv.fr/annuaires-professionnels/artisan-rge-architecte,,,,non,non,non,oui,1,A_RECHERCHER,research_web,isolation OR MaPrimeRénov OR rénovation énergétique OR menuiserie,,,SOURCE liste artisans RGE — extraire locaux qui ads ensuite,2026-07-26,,,,,,,,,,0
SLOT-006,[À TROUVER] Installateur pac_clim #1 — Nantes,pac_clim,Nantes,,,,,a_verifier,a_verifier,a_verifier,a_verifier,,A_RECHERCHER,maps_adlibrary_slot,pompe à chaleur OR climatisation OR chauffagiste RGE,,,Chercher dans Ad Library + Maps: pompe à chaleur OR climatisation OR chauffagiste RGE / Nantes. N'appeler que si score>=3.,2026-07-26,,,,,,,,,,0
SLOT-007,[À TROUVER] Installateur pac_clim #1 — Montpellier,pac_clim,Montpellier,,,,,a_verifier,a_verifier,a_verifier,a_verifier,,A_RECHERCHER,maps_adlibrary_slot,pompe à chaleur OR climatisation OR chauffagiste RGE,,,Chercher dans Ad Library + Maps: pompe à chaleur OR climatisation OR chauffagiste RGE / Montpellier. N'appeler que si score>=3.,2026-07-26,,,,,,,,,,0
SLOT-008,[À TROUVER] Installateur pac_clim #1 — Strasbourg,pac_clim,Strasbourg,,,,,a_verifier,a_verifier,a_verifier,a_verifier,,A_RECHERCHER,maps_adlibrary_slot,pompe à chaleur OR climatisation OR chauffagiste RGE,,,Chercher dans Ad Library + Maps: pompe à chaleur OR climatisation OR chauffagiste RGE / Strasbourg. N'appeler que si score>=3.,2026-07-26,,,,,,,,,,0
SLOT-009,[À TROUVER] Installateur reno #1 — Bordeaux,reno,Bordeaux,,,,,a_verifier,a_verifier,a_verifier,a_verifier,,A_RECHERCHER,maps_adlibrary_slot,isolation OR MaPrimeRénov OR rénovation énergétique OR menuiserie,,,Chercher dans Ad Library + Maps: isolation OR MaPrimeRénov OR rénovation énergétique OR menuiserie / Bordeaux. N'appeler que si score>=3.,2026-07-26,,,,,,,,,,0
SLOT-010,[À TROUVER] Installateur solaire #1 — Lille,solaire,Lille,,,,,a_verifier,a_verifier,a_verifier,a_verifier,,A_RECHERCHER,maps_adlibrary_slot,panneaux solaires OR photovoltaïque OR devis solaire,,,Chercher dans Ad Library + Maps: panneaux solaires OR photovoltaïque OR devis solaire / Lille. N'appeler que si score>=3.,2026-07-26,,,,,,,,,,0
SLOT-011,[À TROUVER] Installateur pac_clim #1 — Rennes,pac_clim,Rennes,,,,,a_verifier,a_verifier,a_verifier,a_verifier,,A_RECHERCHER,maps_adlibrary_slot,pompe à chaleur OR climatisation OR chauffagiste RGE,,,Chercher dans Ad Library + Maps: pompe à chaleur OR climatisation OR chauffagiste RGE / Rennes. N'appeler que si score>=3.,2026-07-26,,,,,,,,,,0
SLOT-012,[À TROUVER] Installateur pac_clim #1 — Reims,pac_clim,Reims,,,,,a_verifier,a_verifier,a_verifier,a_verifier,,A_RECHERCHER,maps_adlibrary_slot,pompe à chaleur OR climatisation OR chauffagiste RGE,,,Chercher dans Ad Library + Maps: pompe à chaleur OR climatisation OR chauffagiste RGE / Reims. N'appeler que si score>=3.,2026-07-26,,,,,,,,,,0
SLOT-013,[À TROUVER] Installateur pac_clim #1 — Saint-Étienne,pac_clim,Saint-Étienne,,,,,a_verifier,a_verifier,a_verifier,a_verifier,,A_RECHERCHER,maps_adlibrary_slot,pompe à chaleur OR climatisation OR chauffagiste RGE,,,Chercher dans Ad Library + Maps: pompe à chaleur OR climatisation OR chauffagiste RGE / Saint-Étienne. N'appeler que si score>=3.,2026-07-26,,,,,,,,,,0
SLOT-014,[À TROUVER] Installateur reno #1 — Toulon,reno,Toulon,,,,,a_verifier,a_verifier,a_verifier,a_verifier,,A_RECHERCHER,maps_adlibrary_slot,isolation OR MaPrimeRénov OR rénovation énergétique OR menuiserie,,,Chercher dans Ad Library + Maps: isolation OR MaPrimeRénov OR rénovation énergétique OR menuiserie / Toulon. N'appeler que si score>=3.,2026-07-26,,,,,,,,,,0
SLOT-015,[À TROUVER] Installateur solaire #1 — Le Havre,solaire,Le Havre,,,,,a_verifier,a_verifier,a_verifier,a_verifier,,A_RECHERCHER,maps_adlibrary_slot,panneaux solaires OR photovoltaïque OR devis solaire,,,Chercher dans Ad Library + Maps: panneaux solaires OR photovoltaïque OR devis solaire / Le Havre. N'appeler que si score>=3.,2026-07-26,,,,,,,,,,0
SLOT-016,[À TROUVER] Installateur pac_clim #1 — Grenoble,pac_clim,Grenoble,,,,,a_verifier,a_verifier,a_verifier,a_verifier,,A_RECHERCHER,maps_adlibrary_slot,pompe à chaleur OR climatisation OR chauffagiste RGE,,,Chercher dans Ad Library + Maps: pompe à chaleur OR climatisation OR chauffagiste RGE / Grenoble. N'appeler que si score>=3.,2026-07-26,,,,,,,,,,0
SLOT-017,[À TROUVER] Installateur pac_clim #1 — Dijon,pac_clim,Dijon,,,,,a_verifier,a_verifier,a_verifier,a_verifier,,A_RECHERCHER,maps_adlibrary_slot,pompe à chaleur OR climatisation OR chauffagiste RGE,,,Chercher dans Ad Library + Maps: pompe à chaleur OR climatisation OR chauffagiste RGE / Dijon. N'appeler que si score>=3.,2026-07-26,,,,,,,,,,0
SLOT-018,[À TROUVER] Installateur pac_clim #1 — Angers,pac_clim,Angers,,,,,a_verifier,a_verifier,a_verifier,a_verifier,,A_RECHERCHER,maps_adlibrary_slot,pompe à chaleur OR climatisation OR chauffagiste RGE,,,Chercher dans Ad Library + Maps: pompe à chaleur OR climatisation OR chauffagiste RGE / Angers. N'appeler que si score>=3.,2026-07-26,,,,,,,,,,0
SLOT-019,[À TROUVER] Installateur reno #1 — Nîmes,reno,Nîmes,,,,,a_verifier,a_verifier,a_verifier,a_verifier,,A_RECHERCHER,maps_adlibrary_slot,isolation OR MaPrimeRénov OR rénovation énergétique OR menuiserie,,,Chercher dans Ad Library + Maps: isolation OR MaPrimeRénov OR rénovation énergétique OR menuiserie / Nîmes. N'appeler que si score>=3.,2026-07-26,,,,,,,,,,0
SLOT-020,[À TROUVER] Installateur solaire #1 — Villeurbanne,solaire,Villeurbanne,,,,,a_verifier,a_verifier,a_verifier,a_verifier,,A_RECHERCHER,maps_adlibrary_slot,panneaux solaires OR photovoltaïque OR devis solaire,,,Chercher dans Ad Library + Maps: panneaux solaires OR photovoltaïque OR devis solaire / Villeurbanne. N'appeler que si score>=3.,2026-07-26,,,,,,,,,,0
SLOT-021,[À TROUVER] Installateur pac_clim #1 — Clermont-Ferrand,pac_clim,Clermont-Ferrand,,,,,a_verifier,a_verifier,a_verifier,a_verifier,,A_RECHERCHER,maps_adlibrary_slot,pompe à chaleur OR climatisation OR chauffagiste RGE,,,Chercher dans Ad Library + Maps: pompe à chaleur OR climatisation OR chauffagiste RGE / Clermont-Ferrand. N'appeler que si score>=3.,2026-07-26,,,,,,,,,,0
SLOT-022,[À TROUVER] Installateur pac_clim #1 — Aix-en-Provence,pac_clim,Aix-en-Provence,,,,,a_verifier,a_verifier,a_verifier,a_verifier,,A_RECHERCHER,maps_adlibrary_slot,pompe à chaleur OR climatisation OR chauffagiste RGE,,,Chercher dans Ad Library + Maps: pompe à chaleur OR climatisation OR chauffagiste RGE / Aix-en-Provence. N'appeler que si score>=3.,2026-07-26,,,,,,,,,,0
SLOT-023,[À TROUVER] Installateur pac_clim #1 — Brest,pac_clim,Brest,,,,,a_verifier,a_verifier,a_verifier,a_verifier,,A_RECHERCHER,maps_adlibrary_slot,pompe à chaleur OR climatisation OR chauffagiste RGE,,,Chercher dans Ad Library + Maps: pompe à chaleur OR climatisation OR chauffagiste RGE / Brest. N'appeler que si score>=3.,2026-07-26,,,,,,,,,,0
SLOT-024,[À TROUVER] Installateur reno #1 — Limoges,reno,Limoges,,,,,a_verifier,a_verifier,a_verifier,a_verifier,,A_RECHERCHER,maps_adlibrary_slot,isolation OR MaPrimeRénov OR rénovation énergétique OR menuiserie,,,Chercher dans Ad Library + Maps: isolation OR MaPrimeRénov OR rénovation énergétique OR menuiserie / Limoges. N'appeler que si score>=3.,2026-07-26,,,,,,,,,,0
SLOT-025,[À TROUVER] Installateur solaire #1 — Tours,solaire,Tours,,,,,a_verifier,a_verifier,a_verifier,a_verifier,,A_RECHERCHER,maps_adlibrary_slot,panneaux solaires OR photovoltaïque OR devis solaire,,,Chercher dans Ad Library + Maps: panneaux solaires OR photovoltaïque OR devis solaire / Tours. N'appeler que si score>=3.,2026-07-26,,,,,,,,,,0
SLOT-026,[À TROUVER] Installateur pac_clim #1 — Amiens,pac_clim,Amiens,,,,,a_verifier,a_verifier,a_verifier,a_verifier,,A_RECHERCHER,maps_adlibrary_slot,pompe à chaleur OR climatisation OR chauffagiste RGE,,,Chercher dans Ad Library + Maps: pompe à chaleur OR climatisation OR chauffagiste RGE / Amiens. N'appeler que si score>=3.,2026-07-26,,,,,,,,,,0
SLOT-027,[À TROUVER] Installateur pac_clim #1 — Perpignan,pac_clim,Perpignan,,,,,a_verifier,a_verifier,a_verifier,a_verifier,,A_RECHERCHER,maps_adlibrary_slot,pompe à chaleur OR climatisation OR chauffagiste RGE,,,Chercher dans Ad Library + Maps: pompe à chaleur OR climatisation OR chauffagiste RGE / Perpignan. N'appeler que si score>=3.,2026-07-26,,,,,,,,,,0
SLOT-028,[À TROUVER] Installateur pac_clim #1 — Metz,pac_clim,Metz,,,,,a_verifier,a_verifier,a_verifier,a_verifier,,A_RECHERCHER,maps_adlibrary_slot,pompe à chaleur OR climatisation OR chauffagiste RGE,,,Chercher dans Ad Library + Maps: pompe à chaleur OR climatisation OR chauffagiste RGE / Metz. N'appeler que si score>=3.,2026-07-26,,,,,,,,,,0
SLOT-029,[À TROUVER] Installateur reno #1 — Besançon,reno,Besançon,,,,,a_verifier,a_verifier,a_verifier,a_verifier,,A_RECHERCHER,maps_adlibrary_slot,isolation OR MaPrimeRénov OR rénovation énergétique OR menuiserie,,,Chercher dans Ad Library + Maps: isolation OR MaPrimeRénov OR rénovation énergétique OR menuiserie / Besançon. N'appeler que si score>=3.,2026-07-26,,,,,,,,,,0
SLOT-030,[À TROUVER] Installateur solaire #1 — Orléans,solaire,Orléans,,,,,a_verifier,a_verifier,a_verifier,a_verifier,,A_RECHERCHER,maps_adlibrary_slot,panneaux solaires OR photovoltaïque OR devis solaire,,,Chercher dans Ad Library + Maps: panneaux solaires OR photovoltaïque OR devis solaire / Orléans. N'appeler que si score>=3.,2026-07-26,,,,,,,,,,0
SLOT-031,[À TROUVER] Installateur pac_clim #1 — Rouen,pac_clim,Rouen,,,,,a_verifier,a_verifier,a_verifier,a_verifier,,A_RECHERCHER,maps_adlibrary_slot,pompe à chaleur OR climatisation OR chauffagiste RGE,,,Chercher dans Ad Library + Maps: pompe à chaleur OR climatisation OR chauffagiste RGE / Rouen. N'appeler que si score>=3.,2026-07-26,,,,,,,,,,0
SLOT-032,[À TROUVER] Installateur pac_clim #1 — Mulhouse,pac_clim,Mulhouse,,,,,a_verifier,a_verifier,a_verifier,a_verifier,,A_RECHERCHER,maps_adlibrary_slot,pompe à chaleur OR climatisation OR chauffagiste RGE,,,Chercher dans Ad Library + Maps: pompe à chaleur OR climatisation OR chauffagiste RGE / Mulhouse. N'appeler que si score>=3.,2026-07-26,,,,,,,,,,0
SLOT-033,[À TROUVER] Installateur pac_clim #1 — Caen,pac_clim,Caen,,,,,a_verifier,a_verifier,a_verifier,a_verifier,,A_RECHERCHER,maps_adlibrary_slot,pompe à chaleur OR climatisation OR chauffagiste RGE,,,Chercher dans Ad Library + Maps: pompe à chaleur OR climatisation OR chauffagiste RGE / Caen. N'appeler que si score>=3.,2026-07-26,,,,,,,,,,0
SLOT-034,[À TROUVER] Installateur reno #1 — Nancy,reno,Nancy,,,,,a_verifier,a_verifier,a_verifier,a_verifier,,A_RECHERCHER,maps_adlibrary_slot,isolation OR MaPrimeRénov OR rénovation énergétique OR menuiserie,,,Chercher dans Ad Library + Maps: isolation OR MaPrimeRénov OR rénovation énergétique OR menuiserie / Nancy. N'appeler que si score>=3.,2026-07-26,,,,,,,,,,0
SLOT-035,[À TROUVER] Installateur solaire #1 — Argenteuil,solaire,Argenteuil,,,,,a_verifier,a_verifier,a_verifier,a_verifier,,A_RECHERCHER,maps_adlibrary_slot,panneaux solaires OR photovoltaïque OR devis solaire,,,Chercher dans Ad Library + Maps: panneaux solaires OR photovoltaïque OR devis solaire / Argenteuil. N'appeler que si score>=3.,2026-07-26,,,,,,,,,,0
SLOT-036,[À TROUVER] Installateur pac_clim #1 — Saint-Denis,pac_clim,Saint-Denis,,,,,a_verifier,a_verifier,a_verifier,a_verifier,,A_RECHERCHER,maps_adlibrary_slot,pompe à chaleur OR climatisation OR chauffagiste RGE,,,Chercher dans Ad Library + Maps: pompe à chaleur OR climatisation OR chauffagiste RGE / Saint-Denis. N'appeler que si score>=3.,2026-07-26,,,,,,,,,,0
SLOT-037,[À TROUVER] Installateur pac_clim #1 — Montreuil,pac_clim,Montreuil,,,,,a_verifier,a_verifier,a_verifier,a_verifier,,A_RECHERCHER,maps_adlibrary_slot,pompe à chaleur OR climatisation OR chauffagiste RGE,,,Chercher dans Ad Library + Maps: pompe à chaleur OR climatisation OR chauffagiste RGE / Montreuil. N'appeler que si score>=3.,2026-07-26,,,,,,,,,,0
SLOT-038,[À TROUVER] Installateur pac_clim #1 — Avignon,pac_clim,Avignon,,,,,a_verifier,a_verifier,a_verifier,a_verifier,,A_RECHERCHER,maps_adlibrary_slot,pompe à chaleur OR climatisation OR chauffagiste RGE,,,Chercher dans Ad Library + Maps: pompe à chaleur OR climatisation OR chauffagiste RGE / Avignon. N'appeler que si score>=3.,2026-07-26,,,,,,,,,,0
SLOT-039,[À TROUVER] Installateur reno #1 — Poitiers,reno,Poitiers,,,,,a_verifier,a_verifier,a_verifier,a_verifier,,A_RECHERCHER,maps_adlibrary_slot,isolation OR MaPrimeRénov OR rénovation énergétique OR menuiserie,,,Chercher dans Ad Library + Maps: isolation OR MaPrimeRénov OR rénovation énergétique OR menuiserie / Poitiers. N'appeler que si score>=3.,2026-07-26,,,,,,,,,,0
SLOT-040,[À TROUVER] Installateur solaire #1 — Versailles,solaire,Versailles,,,,,a_verifier,a_verifier,a_verifier,a_verifier,,A_RECHERCHER,maps_adlibrary_slot,panneaux solaires OR photovoltaïque OR devis solaire,,,Chercher dans Ad Library + Maps: panneaux solaires OR photovoltaïque OR devis solaire / Versailles. N'appeler que si score>=3.,2026-07-26,,,,,,,,,,0
SLOT-041,[À TROUVER] Installateur pac_clim #1 — Pau,pac_clim,Pau,,,,,a_verifier,a_verifier,a_verifier,a_verifier,,A_RECHERCHER,maps_adlibrary_slot,pompe à chaleur OR climatisation OR chauffagiste RGE,,,Chercher dans Ad Library + Maps: pompe à chaleur OR climatisation OR chauffagiste RGE / Pau. N'appeler que si score>=3.,2026-07-26,,,,,,,,,,0
SLOT-042,[À TROUVER] Installateur pac_clim #1 — La Rochelle,pac_clim,La Rochelle,,,,,a_verifier,a_verifier,a_verifier,a_verifier,,A_RECHERCHER,maps_adlibrary_slot,pompe à chaleur OR climatisation OR chauffagiste RGE,,,Chercher dans Ad Library + Maps: pompe à chaleur OR climatisation OR chauffagiste RGE / La Rochelle. N'appeler que si score>=3.,2026-07-26,,,,,,,,,,0
SLOT-043,[À TROUVER] Installateur pac_clim #1 — Calais,pac_clim,Calais,,,,,a_verifier,a_verifier,a_verifier,a_verifier,,A_RECHERCHER,maps_adlibrary_slot,pompe à chaleur OR climatisation OR chauffagiste RGE,,,Chercher dans Ad Library + Maps: pompe à chaleur OR climatisation OR chauffagiste RGE / Calais. N'appeler que si score>=3.,2026-07-26,,,,,,,,,,0
SLOT-044,[À TROUVER] Installateur reno #1 — Cannes,reno,Cannes,,,,,a_verifier,a_verifier,a_verifier,a_verifier,,A_RECHERCHER,maps_adlibrary_slot,isolation OR MaPrimeRénov OR rénovation énergétique OR menuiserie,,,Chercher dans Ad Library + Maps: isolation OR MaPrimeRénov OR rénovation énergétique OR menuiserie / Cannes. N'appeler que si score>=3.,2026-07-26,,,,,,,,,,0
SLOT-045,[À TROUVER] Installateur solaire #1 — Antibes,solaire,Antibes,,,,,a_verifier,a_verifier,a_verifier,a_verifier,,A_RECHERCHER,maps_adlibrary_slot,panneaux solaires OR photovoltaïque OR devis solaire,,,Chercher dans Ad Library + Maps: panneaux solaires OR photovoltaïque OR devis solaire / Antibes. N'appeler que si score>=3.,2026-07-26,,,,,,,,,,0
SLOT-046,[À TROUVER] Installateur pac_clim #1 — Annecy,pac_clim,Annecy,,,,,a_verifier,a_verifier,a_verifier,a_verifier,,A_RECHERCHER,maps_adlibrary_slot,pompe à chaleur OR climatisation OR chauffagiste RGE,,,Chercher dans Ad Library + Maps: pompe à chaleur OR climatisation OR chauffagiste RGE / Annecy. N'appeler que si score>=3.,2026-07-26,,,,,,,,,,0
SLOT-047,[À TROUVER] Installateur pac_clim #1 — Valence,pac_clim,Valence,,,,,a_verifier,a_verifier,a_verifier,a_verifier,,A_RECHERCHER,maps_adlibrary_slot,pompe à chaleur OR climatisation OR chauffagiste RGE,,,Chercher dans Ad Library + Maps: pompe à chaleur OR climatisation OR chauffagiste RGE / Valence. N'appeler que si score>=3.,2026-07-26,,,,,,,,,,0
SLOT-048,[À TROUVER] Installateur pac_clim #1 — Bourges,pac_clim,Bourges,,,,,a_verifier,a_verifier,a_verifier,a_verifier,,A_RECHERCHER,maps_adlibrary_slot,pompe à chaleur OR climatisation OR chauffagiste RGE,,,Chercher dans Ad Library + Maps: pompe à chaleur OR climatisation OR chauffagiste RGE / Bourges. N'appeler que si score>=3.,2026-07-26,,,,,,,,,,0
SLOT-049,[À TROUVER] Installateur reno #1 — Troyes,reno,Troyes,,,,,a_verifier,a_verifier,a_verifier,a_verifier,,A_RECHERCHER,maps_adlibrary_slot,isolation OR MaPrimeRénov OR rénovation énergétique OR menuiserie,,,Chercher dans Ad Library + Maps: isolation OR MaPrimeRénov OR rénovation énergétique OR menuiserie / Troyes. N'appeler que si score>=3.,2026-07-26,,,,,,,,,,0
SLOT-050,[À TROUVER] Installateur solaire #1 — Chambéry,solaire,Chambéry,,,,,a_verifier,a_verifier,a_verifier,a_verifier,,A_RECHERCHER,maps_adlibrary_slot,panneaux solaires OR photovoltaïque OR devis solaire,,,Chercher dans Ad Library + Maps: panneaux solaires OR photovoltaïque OR devis solaire / Chambéry. N'appeler que si score>=3.,2026-07-26,,,,,,,,,,0
SLOT-051,[À TROUVER] Installateur pac_clim #1 — Bayonne,pac_clim,Bayonne,,,,,a_verifier,a_verifier,a_verifier,a_verifier,,A_RECHERCHER,maps_adlibrary_slot,pompe à chaleur OR climatisation OR chauffagiste RGE,,,Chercher dans Ad Library + Maps: pompe à chaleur OR climatisation OR chauffagiste RGE / Bayonne. N'appeler que si score>=3.,2026-07-26,,,,,,,,,,0
SLOT-052,[À TROUVER] Installateur pac_clim #1 — Colmar,pac_clim,Colmar,,,,,a_verifier,a_verifier,a_verifier,a_verifier,,A_RECHERCHER,maps_adlibrary_slot,pompe à chaleur OR climatisation OR chauffagiste RGE,,,Chercher dans Ad Library + Maps: pompe à chaleur OR climatisation OR chauffagiste RGE / Colmar. N'appeler que si score>=3.,2026-07-26,,,,,,,,,,0
SLOT-053,[À TROUVER] Installateur pac_clim #1 — Quimper,pac_clim,Quimper,,,,,a_verifier,a_verifier,a_verifier,a_verifier,,A_RECHERCHER,maps_adlibrary_slot,pompe à chaleur OR climatisation OR chauffagiste RGE,,,Chercher dans Ad Library + Maps: pompe à chaleur OR climatisation OR chauffagiste RGE / Quimper. N'appeler que si score>=3.,2026-07-26,,,,,,,,,,0
SLOT-054,[À TROUVER] Installateur reno #1 — Lorient,reno,Lorient,,,,,a_verifier,a_verifier,a_verifier,a_verifier,,A_RECHERCHER,maps_adlibrary_slot,isolation OR MaPrimeRénov OR rénovation énergétique OR menuiserie,,,Chercher dans Ad Library + Maps: isolation OR MaPrimeRénov OR rénovation énergétique OR menuiserie / Lorient. N'appeler que si score>=3.,2026-07-26,,,,,,,,,,0
SLOT-055,[À TROUVER] Installateur solaire #1 — Ajaccio,solaire,Ajaccio,,,,,a_verifier,a_verifier,a_verifier,a_verifier,,A_RECHERCHER,maps_adlibrary_slot,panneaux solaires OR photovoltaïque OR devis solaire,,,Chercher dans Ad Library + Maps: panneaux solaires OR photovoltaïque OR devis solaire / Ajaccio. N'appeler que si score>=3.,2026-07-26,,,,,,,,,,0
SLOT-056,[À TROUVER] Installateur pac_clim #1 — Chartres,pac_clim,Chartres,,,,,a_verifier,a_verifier,a_verifier,a_verifier,,A_RECHERCHER,maps_adlibrary_slot,pompe à chaleur OR climatisation OR chauffagiste RGE,,,Chercher dans Ad Library + Maps: pompe à chaleur OR climatisation OR chauffagiste RGE / Chartres. N'appeler que si score>=3.,2026-07-26,,,,,,,,,,0
SLOT-057,[À TROUVER] Installateur pac_clim #1 — Saint-Nazaire,pac_clim,Saint-Nazaire,,,,,a_verifier,a_verifier,a_verifier,a_verifier,,A_RECHERCHER,maps_adlibrary_slot,pompe à chaleur OR climatisation OR chauffagiste RGE,,,Chercher dans Ad Library + Maps: pompe à chaleur OR climatisation OR chauffagiste RGE / Saint-Nazaire. N'appeler que si score>=3.,2026-07-26,,,,,,,,,,0
SLOT-058,[À TROUVER] Installateur pac_clim #1 — Vannes,pac_clim,Vannes,,,,,a_verifier,a_verifier,a_verifier,a_verifier,,A_RECHERCHER,maps_adlibrary_slot,pompe à chaleur OR climatisation OR chauffagiste RGE,,,Chercher dans Ad Library + Maps: pompe à chaleur OR climatisation OR chauffagiste RGE / Vannes. N'appeler que si score>=3.,2026-07-26,,,,,,,,,,0
SLOT-059,[À TROUVER] Installateur reno #1 — Cholet,reno,Cholet,,,,,a_verifier,a_verifier,a_verifier,a_verifier,,A_RECHERCHER,maps_adlibrary_slot,isolation OR MaPrimeRénov OR rénovation énergétique OR menuiserie,,,Chercher dans Ad Library + Maps: isolation OR MaPrimeRénov OR rénovation énergétique OR menuiserie / Cholet. N'appeler que si score>=3.,2026-07-26,,,,,,,,,,0
SLOT-060,[À TROUVER] Installateur solaire #1 — Niort,solaire,Niort,,,,,a_verifier,a_verifier,a_verifier,a_verifier,,A_RECHERCHER,maps_adlibrary_slot,panneaux solaires OR photovoltaïque OR devis solaire,,,Chercher dans Ad Library + Maps: panneaux solaires OR photovoltaïque OR devis solaire / Niort. N'appeler que si score>=3.,2026-07-26,,,,,,,,,,0
SLOT-061,[À TROUVER] Installateur pac_clim #1 — Albi,pac_clim,Albi,,,,,a_verifier,a_verifier,a_verifier,a_verifier,,A_RECHERCHER,maps_adlibrary_slot,pompe à chaleur OR climatisation OR chauffagiste RGE,,,Chercher dans Ad Library + Maps: pompe à chaleur OR climatisation OR chauffagiste RGE / Albi. N'appeler que si score>=3.,2026-07-26,,,,,,,,,,0
SLOT-062,[À TROUVER] Installateur pac_clim #1 — Brive-la-Gaillarde,pac_clim,Brive-la-Gaillarde,,,,,a_verifier,a_verifier,a_verifier,a_verifier,,A_RECHERCHER,maps_adlibrary_slot,pompe à chaleur OR climatisation OR chauffagiste RGE,,,Chercher dans Ad Library + Maps: pompe à chaleur OR climatisation OR chauffagiste RGE / Brive-la-Gaillarde. N'appeler que si score>=3.,2026-07-26,,,,,,,,,,0
SLOT-063,[À TROUVER] Installateur pac_clim #1 — Béziers,pac_clim,Béziers,,,,,a_verifier,a_verifier,a_verifier,a_verifier,,A_RECHERCHER,maps_adlibrary_slot,pompe à chaleur OR climatisation OR chauffagiste RGE,,,Chercher dans Ad Library + Maps: pompe à chaleur OR climatisation OR chauffagiste RGE / Béziers. N'appeler que si score>=3.,2026-07-26,,,,,,,,,,0
SLOT-064,[À TROUVER] Installateur reno #1 — Fréjus,reno,Fréjus,,,,,a_verifier,a_verifier,a_verifier,a_verifier,,A_RECHERCHER,maps_adlibrary_slot,isolation OR MaPrimeRénov OR rénovation énergétique OR menuiserie,,,Chercher dans Ad Library + Maps: isolation OR MaPrimeRénov OR rénovation énergétique OR menuiserie / Fréjus. N'appeler que si score>=3.,2026-07-26,,,,,,,,,,0
SLOT-065,[À TROUVER] Installateur solaire #1 — Hyères,solaire,Hyères,,,,,a_verifier,a_verifier,a_verifier,a_verifier,,A_RECHERCHER,maps_adlibrary_slot,panneaux solaires OR photovoltaïque OR devis solaire,,,Chercher dans Ad Library + Maps: panneaux solaires OR photovoltaïque OR devis solaire / Hyères. N'appeler que si score>=3.,2026-07-26,,,,,,,,,,0
SLOT-066,[À TROUVER] Installateur pac_clim #1 — Draguignan,pac_clim,Draguignan,,,,,a_verifier,a_verifier,a_verifier,a_verifier,,A_RECHERCHER,maps_adlibrary_slot,pompe à chaleur OR climatisation OR chauffagiste RGE,,,Chercher dans Ad Library + Maps: pompe à chaleur OR climatisation OR chauffagiste RGE / Draguignan. N'appeler que si score>=3.,2026-07-26,,,,,,,,,,0
SLOT-067,[À TROUVER] Installateur pac_clim #1 — Agen,pac_clim,Agen,,,,,a_verifier,a_verifier,a_verifier,a_verifier,,A_RECHERCHER,maps_adlibrary_slot,pompe à chaleur OR climatisation OR chauffagiste RGE,,,Chercher dans Ad Library + Maps: pompe à chaleur OR climatisation OR chauffagiste RGE / Agen. N'appeler que si score>=3.,2026-07-26,,,,,,,,,,0
SLOT-068,[À TROUVER] Installateur pac_clim #1 — Tarbes,pac_clim,Tarbes,,,,,a_verifier,a_verifier,a_verifier,a_verifier,,A_RECHERCHER,maps_adlibrary_slot,pompe à chaleur OR climatisation OR chauffagiste RGE,,,Chercher dans Ad Library + Maps: pompe à chaleur OR climatisation OR chauffagiste RGE / Tarbes. N'appeler que si score>=3.,2026-07-26,,,,,,,,,,0
SLOT-069,[À TROUVER] Installateur reno #1 — Dunkerque,reno,Dunkerque,,,,,a_verifier,a_verifier,a_verifier,a_verifier,,A_RECHERCHER,maps_adlibrary_slot,isolation OR MaPrimeRénov OR rénovation énergétique OR menuiserie,,,Chercher dans Ad Library + Maps: isolation OR MaPrimeRénov OR rénovation énergétique OR menuiserie / Dunkerque. N'appeler que si score>=3.,2026-07-26,,,,,,,,,,0
SLOT-070,[À TROUVER] Installateur solaire #1 — Boulogne-sur-Mer,solaire,Boulogne-sur-Mer,,,,,a_verifier,a_verifier,a_verifier,a_verifier,,A_RECHERCHER,maps_adlibrary_slot,panneaux solaires OR photovoltaïque OR devis solaire,,,Chercher dans Ad Library + Maps: panneaux solaires OR photovoltaïque OR devis solaire / Boulogne-sur-Mer. N'appeler que si score>=3.,2026-07-26,,,,,,,,,,0
SLOT-071,[À TROUVER] Installateur pac_clim #1 — Créteil,pac_clim,Créteil,,,,,a_verifier,a_verifier,a_verifier,a_verifier,,A_RECHERCHER,maps_adlibrary_slot,pompe à chaleur OR climatisation OR chauffagiste RGE,,,Chercher dans Ad Library + Maps: pompe à chaleur OR climatisation OR chauffagiste RGE / Créteil. N'appeler que si score>=3.,2026-07-26,,,,,,,,,,0
SLOT-072,[À TROUVER] Installateur pac_clim #1 — Nanterre,pac_clim,Nanterre,,,,,a_verifier,a_verifier,a_verifier,a_verifier,,A_RECHERCHER,maps_adlibrary_slot,pompe à chaleur OR climatisation OR chauffagiste RGE,,,Chercher dans Ad Library + Maps: pompe à chaleur OR climatisation OR chauffagiste RGE / Nanterre. N'appeler que si score>=3.,2026-07-26,,,,,,,,,,0
SLOT-073,[À TROUVER] Installateur pac_clim #1 — Vitry-sur-Seine,pac_clim,Vitry-sur-Seine,,,,,a_verifier,a_verifier,a_verifier,a_verifier,,A_RECHERCHER,maps_adlibrary_slot,pompe à chaleur OR climatisation OR chauffagiste RGE,,,Chercher dans Ad Library + Maps: pompe à chaleur OR climatisation OR chauffagiste RGE / Vitry-sur-Seine. N'appeler que si score>=3.,2026-07-26,,,,,,,,,,0
SLOT-074,[À TROUVER] Installateur reno #1 — Colombes,reno,Colombes,,,,,a_verifier,a_verifier,a_verifier,a_verifier,,A_RECHERCHER,maps_adlibrary_slot,isolation OR MaPrimeRénov OR rénovation énergétique OR menuiserie,,,Chercher dans Ad Library + Maps: isolation OR MaPrimeRénov OR rénovation énergétique OR menuiserie / Colombes. N'appeler que si score>=3.,2026-07-26,,,,,,,,,,0
SLOT-075,[À TROUVER] Installateur solaire #1 — Asnières-sur-Seine,solaire,Asnières-sur-Seine,,,,,a_verifier,a_verifier,a_verifier,a_verifier,,A_RECHERCHER,maps_adlibrary_slot,panneaux solaires OR photovoltaïque OR devis solaire,,,Chercher dans Ad Library + Maps: panneaux solaires OR photovoltaïque OR devis solaire / Asnières-sur-Seine. N'appeler que si score>=3.,2026-07-26,,,,,,,,,,0
SLOT-076,[À TROUVER] Installateur pac_clim #1 — Courbevoie,pac_clim,Courbevoie,,,,,a_verifier,a_verifier,a_verifier,a_verifier,,A_RECHERCHER,maps_adlibrary_slot,pompe à chaleur OR climatisation OR chauffagiste RGE,,,Chercher dans Ad Library + Maps: pompe à chaleur OR climatisation OR chauffagiste RGE / Courbevoie. N'appeler que si score>=3.,2026-07-26,,,,,,,,,,0
SLOT-077,[À TROUVER] Installateur pac_clim #1 — Rueil-Malmaison,pac_clim,Rueil-Malmaison,,,,,a_verifier,a_verifier,a_verifier,a_verifier,,A_RECHERCHER,maps_adlibrary_slot,pompe à chaleur OR climatisation OR chauffagiste RGE,,,Chercher dans Ad Library + Maps: pompe à chaleur OR climatisation OR chauffagiste RGE / Rueil-Malmaison. N'appeler que si score>=3.,2026-07-26,,,,,,,,,,0
SLOT-078,[À TROUVER] Installateur pac_clim #1 — Aubervilliers,pac_clim,Aubervilliers,,,,,a_verifier,a_verifier,a_verifier,a_verifier,,A_RECHERCHER,maps_adlibrary_slot,pompe à chaleur OR climatisation OR chauffagiste RGE,,,Chercher dans Ad Library + Maps: pompe à chaleur OR climatisation OR chauffagiste RGE / Aubervilliers. N'appeler que si score>=3.,2026-07-26,,,,,,,,,,0
SLOT-079,[À TROUVER] Installateur reno #1 — Champigny-sur-Marne,reno,Champigny-sur-Marne,,,,,a_verifier,a_verifier,a_verifier,a_verifier,,A_RECHERCHER,maps_adlibrary_slot,isolation OR MaPrimeRénov OR rénovation énergétique OR menuiserie,,,Chercher dans Ad Library + Maps: isolation OR MaPrimeRénov OR rénovation énergétique OR menuiserie / Champigny-sur-Marne. N'appeler que si score>=3.,2026-07-26,,,,,,,,,,0
SLOT-080,[À TROUVER] Installateur solaire #1 — Saint-Maur-des-Fossés,solaire,Saint-Maur-des-Fossés,,,,,a_verifier,a_verifier,a_verifier,a_verifier,,A_RECHERCHER,maps_adlibrary_slot,panneaux solaires OR photovoltaïque OR devis solaire,,,Chercher dans Ad Library + Maps: panneaux solaires OR photovoltaïque OR devis solaire / Saint-Maur-des-Fossés. N'appeler que si score>=3.,2026-07-26,,,,,,,,,,0
SLOT-081,[À TROUVER] Installateur pac_clim #2 — Paris,pac_clim,Paris,,,,,a_verifier,a_verifier,a_verifier,a_verifier,,A_RECHERCHER,maps_adlibrary_slot,pompe à chaleur OR climatisation OR chauffagiste RGE,,,Chercher dans Ad Library + Maps: pompe à chaleur OR climatisation OR chauffagiste RGE / Paris. N'appeler que si score>=3.,2026-07-26,,,,,,,,,,0
SLOT-082,[À TROUVER] Installateur pac_clim #2 — Lyon,pac_clim,Lyon,,,,,a_verifier,a_verifier,a_verifier,a_verifier,,A_RECHERCHER,maps_adlibrary_slot,pompe à chaleur OR climatisation OR chauffagiste RGE,,,Chercher dans Ad Library + Maps: pompe à chaleur OR climatisation OR chauffagiste RGE / Lyon. N'appeler que si score>=3.,2026-07-26,,,,,,,,,,0
SLOT-083,[À TROUVER] Installateur pac_clim #2 — Marseille,pac_clim,Marseille,,,,,a_verifier,a_verifier,a_verifier,a_verifier,,A_RECHERCHER,maps_adlibrary_slot,pompe à chaleur OR climatisation OR chauffagiste RGE,,,Chercher dans Ad Library + Maps: pompe à chaleur OR climatisation OR chauffagiste RGE / Marseille. N'appeler que si score>=3.,2026-07-26,,,,,,,,,,0
SLOT-084,[À TROUVER] Installateur reno #2 — Toulouse,reno,Toulouse,,,,,a_verifier,a_verifier,a_verifier,a_verifier,,A_RECHERCHER,maps_adlibrary_slot,isolation OR MaPrimeRénov OR rénovation énergétique OR menuiserie,,,Chercher dans Ad Library + Maps: isolation OR MaPrimeRénov OR rénovation énergétique OR menuiserie / Toulouse. N'appeler que si score>=3.,2026-07-26,,,,,,,,,,0
SLOT-085,[À TROUVER] Installateur solaire #2 — Nice,solaire,Nice,,,,,a_verifier,a_verifier,a_verifier,a_verifier,,A_RECHERCHER,maps_adlibrary_slot,panneaux solaires OR photovoltaïque OR devis solaire,,,Chercher dans Ad Library + Maps: panneaux solaires OR photovoltaïque OR devis solaire / Nice. N'appeler que si score>=3.,2026-07-26,,,,,,,,,,0
SLOT-086,[À TROUVER] Installateur pac_clim #2 — Nantes,pac_clim,Nantes,,,,,a_verifier,a_verifier,a_verifier,a_verifier,,A_RECHERCHER,maps_adlibrary_slot,pompe à chaleur OR climatisation OR chauffagiste RGE,,,Chercher dans Ad Library + Maps: pompe à chaleur OR climatisation OR chauffagiste RGE / Nantes. N'appeler que si score>=3.,2026-07-26,,,,,,,,,,0
SLOT-087,[À TROUVER] Installateur pac_clim #2 — Montpellier,pac_clim,Montpellier,,,,,a_verifier,a_verifier,a_verifier,a_verifier,,A_RECHERCHER,maps_adlibrary_slot,pompe à chaleur OR climatisation OR chauffagiste RGE,,,Chercher dans Ad Library + Maps: pompe à chaleur OR climatisation OR chauffagiste RGE / Montpellier. N'appeler que si score>=3.,2026-07-26,,,,,,,,,,0
SLOT-088,[À TROUVER] Installateur pac_clim #2 — Strasbourg,pac_clim,Strasbourg,,,,,a_verifier,a_verifier,a_verifier,a_verifier,,A_RECHERCHER,maps_adlibrary_slot,pompe à chaleur OR climatisation OR chauffagiste RGE,,,Chercher dans Ad Library + Maps: pompe à chaleur OR climatisation OR chauffagiste RGE / Strasbourg. N'appeler que si score>=3.,2026-07-26,,,,,,,,,,0
SLOT-089,[À TROUVER] Installateur reno #2 — Bordeaux,reno,Bordeaux,,,,,a_verifier,a_verifier,a_verifier,a_verifier,,A_RECHERCHER,maps_adlibrary_slot,isolation OR MaPrimeRénov OR rénovation énergétique OR menuiserie,,,Chercher dans Ad Library + Maps: isolation OR MaPrimeRénov OR rénovation énergétique OR menuiserie / Bordeaux. N'appeler que si score>=3.,2026-07-26,,,,,,,,,,0
SLOT-090,[À TROUVER] Installateur solaire #2 — Lille,solaire,Lille,,,,,a_verifier,a_verifier,a_verifier,a_verifier,,A_RECHERCHER,maps_adlibrary_slot,panneaux solaires OR photovoltaïque OR devis solaire,,,Chercher dans Ad Library + Maps: panneaux solaires OR photovoltaïque OR devis solaire / Lille. N'appeler que si score>=3.,2026-07-26,,,,,,,,,,0
SLOT-091,[À TROUVER] Installateur pac_clim #2 — Rennes,pac_clim,Rennes,,,,,a_verifier,a_verifier,a_verifier,a_verifier,,A_RECHERCHER,maps_adlibrary_slot,pompe à chaleur OR climatisation OR chauffagiste RGE,,,Chercher dans Ad Library + Maps: pompe à chaleur OR climatisation OR chauffagiste RGE / Rennes. N'appeler que si score>=3.,2026-07-26,,,,,,,,,,0
SLOT-092,[À TROUVER] Installateur pac_clim #2 — Reims,pac_clim,Reims,,,,,a_verifier,a_verifier,a_verifier,a_verifier,,A_RECHERCHER,maps_adlibrary_slot,pompe à chaleur OR climatisation OR chauffagiste RGE,,,Chercher dans Ad Library + Maps: pompe à chaleur OR climatisation OR chauffagiste RGE / Reims. N'appeler que si score>=3.,2026-07-26,,,,,,,,,,0
SLOT-093,[À TROUVER] Installateur pac_clim #2 — Saint-Étienne,pac_clim,Saint-Étienne,,,,,a_verifier,a_verifier,a_verifier,a_verifier,,A_RECHERCHER,maps_adlibrary_slot,pompe à chaleur OR climatisation OR chauffagiste RGE,,,Chercher dans Ad Library + Maps: pompe à chaleur OR climatisation OR chauffagiste RGE / Saint-Étienne. N'appeler que si score>=3.,2026-07-26,,,,,,,,,,0
SLOT-094,[À TROUVER] Installateur reno #2 — Toulon,reno,Toulon,,,,,a_verifier,a_verifier,a_verifier,a_verifier,,A_RECHERCHER,maps_adlibrary_slot,isolation OR MaPrimeRénov OR rénovation énergétique OR menuiserie,,,Chercher dans Ad Library + Maps: isolation OR MaPrimeRénov OR rénovation énergétique OR menuiserie / Toulon. N'appeler que si score>=3.,2026-07-26,,,,,,,,,,0
SLOT-095,[À TROUVER] Installateur solaire #2 — Le Havre,solaire,Le Havre,,,,,a_verifier,a_verifier,a_verifier,a_verifier,,A_RECHERCHER,maps_adlibrary_slot,panneaux solaires OR photovoltaïque OR devis solaire,,,Chercher dans Ad Library + Maps: panneaux solaires OR photovoltaïque OR devis solaire / Le Havre. N'appeler que si score>=3.,2026-07-26,,,,,,,,,,0
SLOT-096,[À TROUVER] Installateur pac_clim #2 — Grenoble,pac_clim,Grenoble,,,,,a_verifier,a_verifier,a_verifier,a_verifier,,A_RECHERCHER,maps_adlibrary_slot,pompe à chaleur OR climatisation OR chauffagiste RGE,,,Chercher dans Ad Library + Maps: pompe à chaleur OR climatisation OR chauffagiste RGE / Grenoble. N'appeler que si score>=3.,2026-07-26,,,,,,,,,,0
SLOT-097,[À TROUVER] Installateur pac_clim #2 — Dijon,pac_clim,Dijon,,,,,a_verifier,a_verifier,a_verifier,a_verifier,,A_RECHERCHER,maps_adlibrary_slot,pompe à chaleur OR climatisation OR chauffagiste RGE,,,Chercher dans Ad Library + Maps: pompe à chaleur OR climatisation OR chauffagiste RGE / Dijon. N'appeler que si score>=3.,2026-07-26,,,,,,,,,,0
SLOT-098,[À TROUVER] Installateur pac_clim #2 — Angers,pac_clim,Angers,,,,,a_verifier,a_verifier,a_verifier,a_verifier,,A_RECHERCHER,maps_adlibrary_slot,pompe à chaleur OR climatisation OR chauffagiste RGE,,,Chercher dans Ad Library + Maps: pompe à chaleur OR climatisation OR chauffagiste RGE / Angers. N'appeler que si score>=3.,2026-07-26,,,,,,,,,,0
SLOT-099,[À TROUVER] Installateur reno #2 — Nîmes,reno,Nîmes,,,,,a_verifier,a_verifier,a_verifier,a_verifier,,A_RECHERCHER,maps_adlibrary_slot,isolation OR MaPrimeRénov OR rénovation énergétique OR menuiserie,,,Chercher dans Ad Library + Maps: isolation OR MaPrimeRénov OR rénovation énergétique OR menuiserie / Nîmes. N'appeler que si score>=3.,2026-07-26,,,,,,,,,,0
SLOT-100,[À TROUVER] Installateur solaire #2 — Villeurbanne,solaire,Villeurbanne,,,,,a_verifier,a_verifier,a_verifier,a_verifier,,A_RECHERCHER,maps_adlibrary_slot,panneaux solaires OR photovoltaïque OR devis solaire,,,Chercher dans Ad Library + Maps: panneaux solaires OR photovoltaïque OR devis solaire / Villeurbanne. N'appeler que si score>=3.,2026-07-26,,,,,,,,,,0
SLOT-101,[À TROUVER] Installateur pac_clim #2 — Clermont-Ferrand,pac_clim,Clermont-Ferrand,,,,,a_verifier,a_verifier,a_verifier,a_verifier,,A_RECHERCHER,maps_adlibrary_slot,pompe à chaleur OR climatisation OR chauffagiste RGE,,,Chercher dans Ad Library + Maps: pompe à chaleur OR climatisation OR chauffagiste RGE / Clermont-Ferrand. N'appeler que si score>=3.,2026-07-26,,,,,,,,,,0
SLOT-102,[À TROUVER] Installateur pac_clim #2 — Aix-en-Provence,pac_clim,Aix-en-Provence,,,,,a_verifier,a_verifier,a_verifier,a_verifier,,A_RECHERCHER,maps_adlibrary_slot,pompe à chaleur OR climatisation OR chauffagiste RGE,,,Chercher dans Ad Library + Maps: pompe à chaleur OR climatisation OR chauffagiste RGE / Aix-en-Provence. N'appeler que si score>=3.,2026-07-26,,,,,,,,,,0
SLOT-103,[À TROUVER] Installateur pac_clim #2 — Brest,pac_clim,Brest,,,,,a_verifier,a_verifier,a_verifier,a_verifier,,A_RECHERCHER,maps_adlibrary_slot,pompe à chaleur OR climatisation OR chauffagiste RGE,,,Chercher dans Ad Library + Maps: pompe à chaleur OR climatisation OR chauffagiste RGE / Brest. N'appeler que si score>=3.,2026-07-26,,,,,,,,,,0
SLOT-104,[À TROUVER] Installateur reno #2 — Limoges,reno,Limoges,,,,,a_verifier,a_verifier,a_verifier,a_verifier,,A_RECHERCHER,maps_adlibrary_slot,isolation OR MaPrimeRénov OR rénovation énergétique OR menuiserie,,,Chercher dans Ad Library + Maps: isolation OR MaPrimeRénov OR rénovation énergétique OR menuiserie / Limoges. N'appeler que si score>=3.,2026-07-26,,,,,,,,,,0
SLOT-105,[À TROUVER] Installateur solaire #2 — Tours,solaire,Tours,,,,,a_verifier,a_verifier,a_verifier,a_verifier,,A_RECHERCHER,maps_adlibrary_slot,panneaux solaires OR photovoltaïque OR devis solaire,,,Chercher dans Ad Library + Maps: panneaux solaires OR photovoltaïque OR devis solaire / Tours. N'appeler que si score>=3.,2026-07-26,,,,,,,,,,0
SLOT-106,[À TROUVER] Installateur pac_clim #2 — Amiens,pac_clim,Amiens,,,,,a_verifier,a_verifier,a_verifier,a_verifier,,A_RECHERCHER,maps_adlibrary_slot,pompe à chaleur OR climatisation OR chauffagiste RGE,,,Chercher dans Ad Library + Maps: pompe à chaleur OR climatisation OR chauffagiste RGE / Amiens. N'appeler que si score>=3.,2026-07-26,,,,,,,,,,0
SLOT-107,[À TROUVER] Installateur pac_clim #2 — Perpignan,pac_clim,Perpignan,,,,,a_verifier,a_verifier,a_verifier,a_verifier,,A_RECHERCHER,maps_adlibrary_slot,pompe à chaleur OR climatisation OR chauffagiste RGE,,,Chercher dans Ad Library + Maps: pompe à chaleur OR climatisation OR chauffagiste RGE / Perpignan. N'appeler que si score>=3.,2026-07-26,,,,,,,,,,0
SLOT-108,[À TROUVER] Installateur pac_clim #2 — Metz,pac_clim,Metz,,,,,a_verifier,a_verifier,a_verifier,a_verifier,,A_RECHERCHER,maps_adlibrary_slot,pompe à chaleur OR climatisation OR chauffagiste RGE,,,Chercher dans Ad Library + Maps: pompe à chaleur OR climatisation OR chauffagiste RGE / Metz. N'appeler que si score>=3.,2026-07-26,,,,,,,,,,0
SLOT-109,[À TROUVER] Installateur reno #2 — Besançon,reno,Besançon,,,,,a_verifier,a_verifier,a_verifier,a_verifier,,A_RECHERCHER,maps_adlibrary_slot,isolation OR MaPrimeRénov OR rénovation énergétique OR menuiserie,,,Chercher dans Ad Library + Maps: isolation OR MaPrimeRénov OR rénovation énergétique OR menuiserie / Besançon. N'appeler que si score>=3.,2026-07-26,,,,,,,,,,0
SLOT-110,[À TROUVER] Installateur solaire #2 — Orléans,solaire,Orléans,,,,,a_verifier,a_verifier,a_verifier,a_verifier,,A_RECHERCHER,maps_adlibrary_slot,panneaux solaires OR photovoltaïque OR devis solaire,,,Chercher dans Ad Library + Maps: panneaux solaires OR photovoltaïque OR devis solaire / Orléans. N'appeler que si score>=3.,2026-07-26,,,,,,,,,,0
SLOT-111,[À TROUVER] Installateur pac_clim #2 — Rouen,pac_clim,Rouen,,,,,a_verifier,a_verifier,a_verifier,a_verifier,,A_RECHERCHER,maps_adlibrary_slot,pompe à chaleur OR climatisation OR chauffagiste RGE,,,Chercher dans Ad Library + Maps: pompe à chaleur OR climatisation OR chauffagiste RGE / Rouen. N'appeler que si score>=3.,2026-07-26,,,,,,,,,,0
SLOT-112,[À TROUVER] Installateur pac_clim #2 — Mulhouse,pac_clim,Mulhouse,,,,,a_verifier,a_verifier,a_verifier,a_verifier,,A_RECHERCHER,maps_adlibrary_slot,pompe à chaleur OR climatisation OR chauffagiste RGE,,,Chercher dans Ad Library + Maps: pompe à chaleur OR climatisation OR chauffagiste RGE / Mulhouse. N'appeler que si score>=3.,2026-07-26,,,,,,,,,,0
SLOT-113,[À TROUVER] Installateur pac_clim #2 — Caen,pac_clim,Caen,,,,,a_verifier,a_verifier,a_verifier,a_verifier,,A_RECHERCHER,maps_adlibrary_slot,pompe à chaleur OR climatisation OR chauffagiste RGE,,,Chercher dans Ad Library + Maps: pompe à chaleur OR climatisation OR chauffagiste RGE / Caen. N'appeler que si score>=3.,2026-07-26,,,,,,,,,,0
SLOT-114,[À TROUVER] Installateur reno #2 — Nancy,reno,Nancy,,,,,a_verifier,a_verifier,a_verifier,a_verifier,,A_RECHERCHER,maps_adlibrary_slot,isolation OR MaPrimeRénov OR rénovation énergétique OR menuiserie,,,Chercher dans Ad Library + Maps: isolation OR MaPrimeRénov OR rénovation énergétique OR menuiserie / Nancy. N'appeler que si score>=3.,2026-07-26,,,,,,,,,,0
SLOT-115,[À TROUVER] Installateur solaire #2 — Argenteuil,solaire,Argenteuil,,,,,a_verifier,a_verifier,a_verifier,a_verifier,,A_RECHERCHER,maps_adlibrary_slot,panneaux solaires OR photovoltaïque OR devis solaire,,,Chercher dans Ad Library + Maps: panneaux solaires OR photovoltaïque OR devis solaire / Argenteuil. N'appeler que si score>=3.,2026-07-26,,,,,,,,,,0
SLOT-116,[À TROUVER] Installateur pac_clim #2 — Saint-Denis,pac_clim,Saint-Denis,,,,,a_verifier,a_verifier,a_verifier,a_verifier,,A_RECHERCHER,maps_adlibrary_slot,pompe à chaleur OR climatisation OR chauffagiste RGE,,,Chercher dans Ad Library + Maps: pompe à chaleur OR climatisation OR chauffagiste RGE / Saint-Denis. N'appeler que si score>=3.,2026-07-26,,,,,,,,,,0
SLOT-117,[À TROUVER] Installateur pac_clim #2 — Montreuil,pac_clim,Montreuil,,,,,a_verifier,a_verifier,a_verifier,a_verifier,,A_RECHERCHER,maps_adlibrary_slot,pompe à chaleur OR climatisation OR chauffagiste RGE,,,Chercher dans Ad Library + Maps: pompe à chaleur OR climatisation OR chauffagiste RGE / Montreuil. N'appeler que si score>=3.,2026-07-26,,,,,,,,,,0
SLOT-118,[À TROUVER] Installateur pac_clim #2 — Avignon,pac_clim,Avignon,,,,,a_verifier,a_verifier,a_verifier,a_verifier,,A_RECHERCHER,maps_adlibrary_slot,pompe à chaleur OR climatisation OR chauffagiste RGE,,,Chercher dans Ad Library + Maps: pompe à chaleur OR climatisation OR chauffagiste RGE / Avignon. N'appeler que si score>=3.,2026-07-26,,,,,,,,,,0
SLOT-119,[À TROUVER] Installateur reno #2 — Poitiers,reno,Poitiers,,,,,a_verifier,a_verifier,a_verifier,a_verifier,,A_RECHERCHER,maps_adlibrary_slot,isolation OR MaPrimeRénov OR rénovation énergétique OR menuiserie,,,Chercher dans Ad Library + Maps: isolation OR MaPrimeRénov OR rénovation énergétique OR menuiserie / Poitiers. N'appeler que si score>=3.,2026-07-26,,,,,,,,,,0
SLOT-120,[À TROUVER] Installateur solaire #2 — Versailles,solaire,Versailles,,,,,a_verifier,a_verifier,a_verifier,a_verifier,,A_RECHERCHER,maps_adlibrary_slot,panneaux solaires OR photovoltaïque OR devis solaire,,,Chercher dans Ad Library + Maps: panneaux solaires OR photovoltaïque OR devis solaire / Versailles. N'appeler que si score>=3.,2026-07-26,,,,,,,,,,0
SLOT-121,[À TROUVER] Installateur pac_clim #2 — Pau,pac_clim,Pau,,,,,a_verifier,a_verifier,a_verifier,a_verifier,,A_RECHERCHER,maps_adlibrary_slot,pompe à chaleur OR climatisation OR chauffagiste RGE,,,Chercher dans Ad Library + Maps: pompe à chaleur OR climatisation OR chauffagiste RGE / Pau. N'appeler que si score>=3.,2026-07-26,,,,,,,,,,0
SLOT-122,[À TROUVER] Installateur pac_clim #2 — La Rochelle,pac_clim,La Rochelle,,,,,a_verifier,a_verifier,a_verifier,a_verifier,,A_RECHERCHER,maps_adlibrary_slot,pompe à chaleur OR climatisation OR chauffagiste RGE,,,Chercher dans Ad Library + Maps: pompe à chaleur OR climatisation OR chauffagiste RGE / La Rochelle. N'appeler que si score>=3.,2026-07-26,,,,,,,,,,0
SLOT-123,[À TROUVER] Installateur pac_clim #2 — Calais,pac_clim,Calais,,,,,a_verifier,a_verifier,a_verifier,a_verifier,,A_RECHERCHER,maps_adlibrary_slot,pompe à chaleur OR climatisation OR chauffagiste RGE,,,Chercher dans Ad Library + Maps: pompe à chaleur OR climatisation OR chauffagiste RGE / Calais. N'appeler que si score>=3.,2026-07-26,,,,,,,,,,0
SLOT-124,[À TROUVER] Installateur reno #2 — Cannes,reno,Cannes,,,,,a_verifier,a_verifier,a_verifier,a_verifier,,A_RECHERCHER,maps_adlibrary_slot,isolation OR MaPrimeRénov OR rénovation énergétique OR menuiserie,,,Chercher dans Ad Library + Maps: isolation OR MaPrimeRénov OR rénovation énergétique OR menuiserie / Cannes. N'appeler que si score>=3.,2026-07-26,,,,,,,,,,0
SLOT-125,[À TROUVER] Installateur solaire #2 — Antibes,solaire,Antibes,,,,,a_verifier,a_verifier,a_verifier,a_verifier,,A_RECHERCHER,maps_adlibrary_slot,panneaux solaires OR photovoltaïque OR devis solaire,,,Chercher dans Ad Library + Maps: panneaux solaires OR photovoltaïque OR devis solaire / Antibes. N'appeler que si score>=3.,2026-07-26,,,,,,,,,,0
SLOT-126,[À TROUVER] Installateur pac_clim #2 — Annecy,pac_clim,Annecy,,,,,a_verifier,a_verifier,a_verifier,a_verifier,,A_RECHERCHER,maps_adlibrary_slot,pompe à chaleur OR climatisation OR chauffagiste RGE,,,Chercher dans Ad Library + Maps: pompe à chaleur OR climatisation OR chauffagiste RGE / Annecy. N'appeler que si score>=3.,2026-07-26,,,,,,,,,,0
SLOT-127,[À TROUVER] Installateur pac_clim #2 — Valence,pac_clim,Valence,,,,,a_verifier,a_verifier,a_verifier,a_verifier,,A_RECHERCHER,maps_adlibrary_slot,pompe à chaleur OR climatisation OR chauffagiste RGE,,,Chercher dans Ad Library + Maps: pompe à chaleur OR climatisation OR chauffagiste RGE / Valence. N'appeler que si score>=3.,2026-07-26,,,,,,,,,,0
SLOT-128,[À TROUVER] Installateur pac_clim #2 — Bourges,pac_clim,Bourges,,,,,a_verifier,a_verifier,a_verifier,a_verifier,,A_RECHERCHER,maps_adlibrary_slot,pompe à chaleur OR climatisation OR chauffagiste RGE,,,Chercher dans Ad Library + Maps: pompe à chaleur OR climatisation OR chauffagiste RGE / Bourges. N'appeler que si score>=3.,2026-07-26,,,,,,,,,,0
SLOT-129,[À TROUVER] Installateur reno #2 — Troyes,reno,Troyes,,,,,a_verifier,a_verifier,a_verifier,a_verifier,,A_RECHERCHER,maps_adlibrary_slot,isolation OR MaPrimeRénov OR rénovation énergétique OR menuiserie,,,Chercher dans Ad Library + Maps: isolation OR MaPrimeRénov OR rénovation énergétique OR menuiserie / Troyes. N'appeler que si score>=3.,2026-07-26,,,,,,,,,,0
SLOT-130,[À TROUVER] Installateur solaire #2 — Chambéry,solaire,Chambéry,,,,,a_verifier,a_verifier,a_verifier,a_verifier,,A_RECHERCHER,maps_adlibrary_slot,panneaux solaires OR photovoltaïque OR devis solaire,,,Chercher dans Ad Library + Maps: panneaux solaires OR photovoltaïque OR devis solaire / Chambéry. N'appeler que si score>=3.,2026-07-26,,,,,,,,,,0
SLOT-131,[À TROUVER] Installateur pac_clim #2 — Bayonne,pac_clim,Bayonne,,,,,a_verifier,a_verifier,a_verifier,a_verifier,,A_RECHERCHER,maps_adlibrary_slot,pompe à chaleur OR climatisation OR chauffagiste RGE,,,Chercher dans Ad Library + Maps: pompe à chaleur OR climatisation OR chauffagiste RGE / Bayonne. N'appeler que si score>=3.,2026-07-26,,,,,,,,,,0
SLOT-132,[À TROUVER] Installateur pac_clim #2 — Colmar,pac_clim,Colmar,,,,,a_verifier,a_verifier,a_verifier,a_verifier,,A_RECHERCHER,maps_adlibrary_slot,pompe à chaleur OR climatisation OR chauffagiste RGE,,,Chercher dans Ad Library + Maps: pompe à chaleur OR climatisation OR chauffagiste RGE / Colmar. N'appeler que si score>=3.,2026-07-26,,,,,,,,,,0
SLOT-133,[À TROUVER] Installateur pac_clim #2 — Quimper,pac_clim,Quimper,,,,,a_verifier,a_verifier,a_verifier,a_verifier,,A_RECHERCHER,maps_adlibrary_slot,pompe à chaleur OR climatisation OR chauffagiste RGE,,,Chercher dans Ad Library + Maps: pompe à chaleur OR climatisation OR chauffagiste RGE / Quimper. N'appeler que si score>=3.,2026-07-26,,,,,,,,,,0
SLOT-134,[À TROUVER] Installateur reno #2 — Lorient,reno,Lorient,,,,,a_verifier,a_verifier,a_verifier,a_verifier,,A_RECHERCHER,maps_adlibrary_slot,isolation OR MaPrimeRénov OR rénovation énergétique OR menuiserie,,,Chercher dans Ad Library + Maps: isolation OR MaPrimeRénov OR rénovation énergétique OR menuiserie / Lorient. N'appeler que si score>=3.,2026-07-26,,,,,,,,,,0
SLOT-135,[À TROUVER] Installateur solaire #2 — Ajaccio,solaire,Ajaccio,,,,,a_verifier,a_verifier,a_verifier,a_verifier,,A_RECHERCHER,maps_adlibrary_slot,panneaux solaires OR photovoltaïque OR devis solaire,,,Chercher dans Ad Library + Maps: panneaux solaires OR photovoltaïque OR devis solaire / Ajaccio. N'appeler que si score>=3.,2026-07-26,,,,,,,,,,0
SLOT-136,[À TROUVER] Installateur pac_clim #2 — Chartres,pac_clim,Chartres,,,,,a_verifier,a_verifier,a_verifier,a_verifier,,A_RECHERCHER,maps_adlibrary_slot,pompe à chaleur OR climatisation OR chauffagiste RGE,,,Chercher dans Ad Library + Maps: pompe à chaleur OR climatisation OR chauffagiste RGE / Chartres. N'appeler que si score>=3.,2026-07-26,,,,,,,,,,0
SLOT-137,[À TROUVER] Installateur pac_clim #2 — Saint-Nazaire,pac_clim,Saint-Nazaire,,,,,a_verifier,a_verifier,a_verifier,a_verifier,,A_RECHERCHER,maps_adlibrary_slot,pompe à chaleur OR climatisation OR chauffagiste RGE,,,Chercher dans Ad Library + Maps: pompe à chaleur OR climatisation OR chauffagiste RGE / Saint-Nazaire. N'appeler que si score>=3.,2026-07-26,,,,,,,,,,0
SLOT-138,[À TROUVER] Installateur pac_clim #2 — Vannes,pac_clim,Vannes,,,,,a_verifier,a_verifier,a_verifier,a_verifier,,A_RECHERCHER,maps_adlibrary_slot,pompe à chaleur OR climatisation OR chauffagiste RGE,,,Chercher dans Ad Library + Maps: pompe à chaleur OR climatisation OR chauffagiste RGE / Vannes. N'appeler que si score>=3.,2026-07-26,,,,,,,,,,0
SLOT-139,[À TROUVER] Installateur reno #2 — Cholet,reno,Cholet,,,,,a_verifier,a_verifier,a_verifier,a_verifier,,A_RECHERCHER,maps_adlibrary_slot,isolation OR MaPrimeRénov OR rénovation énergétique OR menuiserie,,,Chercher dans Ad Library + Maps: isolation OR MaPrimeRénov OR rénovation énergétique OR menuiserie / Cholet. N'appeler que si score>=3.,2026-07-26,,,,,,,,,,0
SLOT-140,[À TROUVER] Installateur solaire #2 — Niort,solaire,Niort,,,,,a_verifier,a_verifier,a_verifier,a_verifier,,A_RECHERCHER,maps_adlibrary_slot,panneaux solaires OR photovoltaïque OR devis solaire,,,Chercher dans Ad Library + Maps: panneaux solaires OR photovoltaïque OR devis solaire / Niort. N'appeler que si score>=3.,2026-07-26,,,,,,,,,,0
SLOT-141,[À TROUVER] Installateur pac_clim #2 — Albi,pac_clim,Albi,,,,,a_verifier,a_verifier,a_verifier,a_verifier,,A_RECHERCHER,maps_adlibrary_slot,pompe à chaleur OR climatisation OR chauffagiste RGE,,,Chercher dans Ad Library + Maps: pompe à chaleur OR climatisation OR chauffagiste RGE / Albi. N'appeler que si score>=3.,2026-07-26,,,,,,,,,,0
SLOT-142,[À TROUVER] Installateur pac_clim #2 — Brive-la-Gaillarde,pac_clim,Brive-la-Gaillarde,,,,,a_verifier,a_verifier,a_verifier,a_verifier,,A_RECHERCHER,maps_adlibrary_slot,pompe à chaleur OR climatisation OR chauffagiste RGE,,,Chercher dans Ad Library + Maps: pompe à chaleur OR climatisation OR chauffagiste RGE / Brive-la-Gaillarde. N'appeler que si score>=3.,2026-07-26,,,,,,,,,,0
SLOT-143,[À TROUVER] Installateur pac_clim #2 — Béziers,pac_clim,Béziers,,,,,a_verifier,a_verifier,a_verifier,a_verifier,,A_RECHERCHER,maps_adlibrary_slot,pompe à chaleur OR climatisation OR chauffagiste RGE,,,Chercher dans Ad Library + Maps: pompe à chaleur OR climatisation OR chauffagiste RGE / Béziers. N'appeler que si score>=3.,2026-07-26,,,,,,,,,,0
SLOT-144,[À TROUVER] Installateur reno #2 — Fréjus,reno,Fréjus,,,,,a_verifier,a_verifier,a_verifier,a_verifier,,A_RECHERCHER,maps_adlibrary_slot,isolation OR MaPrimeRénov OR rénovation énergétique OR menuiserie,,,Chercher dans Ad Library + Maps: isolation OR MaPrimeRénov OR rénovation énergétique OR menuiserie / Fréjus. N'appeler que si score>=3.,2026-07-26,,,,,,,,,,0
SLOT-145,[À TROUVER] Installateur solaire #2 — Hyères,solaire,Hyères,,,,,a_verifier,a_verifier,a_verifier,a_verifier,,A_RECHERCHER,maps_adlibrary_slot,panneaux solaires OR photovoltaïque OR devis solaire,,,Chercher dans Ad Library + Maps: panneaux solaires OR photovoltaïque OR devis solaire / Hyères. N'appeler que si score>=3.,2026-07-26,,,,,,,,,,0
SLOT-146,[À TROUVER] Installateur pac_clim #2 — Draguignan,pac_clim,Draguignan,,,,,a_verifier,a_verifier,a_verifier,a_verifier,,A_RECHERCHER,maps_adlibrary_slot,pompe à chaleur OR climatisation OR chauffagiste RGE,,,Chercher dans Ad Library + Maps: pompe à chaleur OR climatisation OR chauffagiste RGE / Draguignan. N'appeler que si score>=3.,2026-07-26,,,,,,,,,,0
SLOT-147,[À TROUVER] Installateur pac_clim #2 — Agen,pac_clim,Agen,,,,,a_verifier,a_verifier,a_verifier,a_verifier,,A_RECHERCHER,maps_adlibrary_slot,pompe à chaleur OR climatisation OR chauffagiste RGE,,,Chercher dans Ad Library + Maps: pompe à chaleur OR climatisation OR chauffagiste RGE / Agen. N'appeler que si score>=3.,2026-07-26,,,,,,,,,,0
SLOT-148,[À TROUVER] Installateur pac_clim #2 — Tarbes,pac_clim,Tarbes,,,,,a_verifier,a_verifier,a_verifier,a_verifier,,A_RECHERCHER,maps_adlibrary_slot,pompe à chaleur OR climatisation OR chauffagiste RGE,,,Chercher dans Ad Library + Maps: pompe à chaleur OR climatisation OR chauffagiste RGE / Tarbes. N'appeler que si score>=3.,2026-07-26,,,,,,,,,,0
SLOT-149,[À TROUVER] Installateur reno #2 — Dunkerque,reno,Dunkerque,,,,,a_verifier,a_verifier,a_verifier,a_verifier,,A_RECHERCHER,maps_adlibrary_slot,isolation OR MaPrimeRénov OR rénovation énergétique OR menuiserie,,,Chercher dans Ad Library + Maps: isolation OR MaPrimeRénov OR rénovation énergétique OR menuiserie / Dunkerque. N'appeler que si score>=3.,2026-07-26,,,,,,,,,,0
SLOT-150,[À TROUVER] Installateur solaire #2 — Boulogne-sur-Mer,solaire,Boulogne-sur-Mer,,,,,a_verifier,a_verifier,a_verifier,a_verifier,,A_RECHERCHER,maps_adlibrary_slot,panneaux solaires OR photovoltaïque OR devis solaire,,,Chercher dans Ad Library + Maps: panneaux solaires OR photovoltaïque OR devis solaire / Boulogne-sur-Mer. N'appeler que si score>=3.,2026-07-26,,,,,,,,,,0
SLOT-151,[À TROUVER] Installateur pac_clim #2 — Créteil,pac_clim,Créteil,,,,,a_verifier,a_verifier,a_verifier,a_verifier,,A_RECHERCHER,maps_adlibrary_slot,pompe à chaleur OR climatisation OR chauffagiste RGE,,,Chercher dans Ad Library + Maps: pompe à chaleur OR climatisation OR chauffagiste RGE / Créteil. N'appeler que si score>=3.,2026-07-26,,,,,,,,,,0
SLOT-152,[À TROUVER] Installateur pac_clim #2 — Nanterre,pac_clim,Nanterre,,,,,a_verifier,a_verifier,a_verifier,a_verifier,,A_RECHERCHER,maps_adlibrary_slot,pompe à chaleur OR climatisation OR chauffagiste RGE,,,Chercher dans Ad Library + Maps: pompe à chaleur OR climatisation OR chauffagiste RGE / Nanterre. N'appeler que si score>=3.,2026-07-26,,,,,,,,,,0
SLOT-153,[À TROUVER] Installateur pac_clim #2 — Vitry-sur-Seine,pac_clim,Vitry-sur-Seine,,,,,a_verifier,a_verifier,a_verifier,a_verifier,,A_RECHERCHER,maps_adlibrary_slot,pompe à chaleur OR climatisation OR chauffagiste RGE,,,Chercher dans Ad Library + Maps: pompe à chaleur OR climatisation OR chauffagiste RGE / Vitry-sur-Seine. N'appeler que si score>=3.,2026-07-26,,,,,,,,,,0
SLOT-154,[À TROUVER] Installateur reno #2 — Colombes,reno,Colombes,,,,,a_verifier,a_verifier,a_verifier,a_verifier,,A_RECHERCHER,maps_adlibrary_slot,isolation OR MaPrimeRénov OR rénovation énergétique OR menuiserie,,,Chercher dans Ad Library + Maps: isolation OR MaPrimeRénov OR rénovation énergétique OR menuiserie / Colombes. N'appeler que si score>=3.,2026-07-26,,,,,,,,,,0
SLOT-155,[À TROUVER] Installateur solaire #2 — Asnières-sur-Seine,solaire,Asnières-sur-Seine,,,,,a_verifier,a_verifier,a_verifier,a_verifier,,A_RECHERCHER,maps_adlibrary_slot,panneaux solaires OR photovoltaïque OR devis solaire,,,Chercher dans Ad Library + Maps: panneaux solaires OR photovoltaïque OR devis solaire / Asnières-sur-Seine. N'appeler que si score>=3.,2026-07-26,,,,,,,,,,0
SLOT-156,[À TROUVER] Installateur pac_clim #2 — Courbevoie,pac_clim,Courbevoie,,,,,a_verifier,a_verifier,a_verifier,a_verifier,,A_RECHERCHER,maps_adlibrary_slot,pompe à chaleur OR climatisation OR chauffagiste RGE,,,Chercher dans Ad Library + Maps: pompe à chaleur OR climatisation OR chauffagiste RGE / Courbevoie. N'appeler que si score>=3.,2026-07-26,,,,,,,,,,0
SLOT-157,[À TROUVER] Installateur pac_clim #2 — Rueil-Malmaison,pac_clim,Rueil-Malmaison,,,,,a_verifier,a_verifier,a_verifier,a_verifier,,A_RECHERCHER,maps_adlibrary_slot,pompe à chaleur OR climatisation OR chauffagiste RGE,,,Chercher dans Ad Library + Maps: pompe à chaleur OR climatisation OR chauffagiste RGE / Rueil-Malmaison. N'appeler que si score>=3.,2026-07-26,,,,,,,,,,0
SLOT-158,[À TROUVER] Installateur pac_clim #2 — Aubervilliers,pac_clim,Aubervilliers,,,,,a_verifier,a_verifier,a_verifier,a_verifier,,A_RECHERCHER,maps_adlibrary_slot,pompe à chaleur OR climatisation OR chauffagiste RGE,,,Chercher dans Ad Library + Maps: pompe à chaleur OR climatisation OR chauffagiste RGE / Aubervilliers. N'appeler que si score>=3.,2026-07-26,,,,,,,,,,0
SLOT-159,[À TROUVER] Installateur reno #2 — Champigny-sur-Marne,reno,Champigny-sur-Marne,,,,,a_verifier,a_verifier,a_verifier,a_verifier,,A_RECHERCHER,maps_adlibrary_slot,isolation OR MaPrimeRénov OR rénovation énergétique OR menuiserie,,,Chercher dans Ad Library + Maps: isolation OR MaPrimeRénov OR rénovation énergétique OR menuiserie / Champigny-sur-Marne. N'appeler que si score>=3.,2026-07-26,,,,,,,,,,0
SLOT-160,[À TROUVER] Installateur solaire #2 — Saint-Maur-des-Fossés,solaire,Saint-Maur-des-Fossés,,,,,a_verifier,a_verifier,a_verifier,a_verifier,,A_RECHERCHER,maps_adlibrary_slot,panneaux solaires OR photovoltaïque OR devis solaire,,,Chercher dans Ad Library + Maps: panneaux solaires OR photovoltaïque OR devis solaire / Saint-Maur-des-Fossés. N'appeler que si score>=3.,2026-07-26,,,,,,,,,,0
SLOT-161,[À TROUVER] Installateur pac_clim #3 — Paris,pac_clim,Paris,,,,,a_verifier,a_verifier,a_verifier,a_verifier,,A_RECHERCHER,maps_adlibrary_slot,pompe à chaleur OR climatisation OR chauffagiste RGE,,,Chercher dans Ad Library + Maps: pompe à chaleur OR climatisation OR chauffagiste RGE / Paris. N'appeler que si score>=3.,2026-07-26,,,,,,,,,,0
SLOT-162,[À TROUVER] Installateur pac_clim #3 — Lyon,pac_clim,Lyon,,,,,a_verifier,a_verifier,a_verifier,a_verifier,,A_RECHERCHER,maps_adlibrary_slot,pompe à chaleur OR climatisation OR chauffagiste RGE,,,Chercher dans Ad Library + Maps: pompe à chaleur OR climatisation OR chauffagiste RGE / Lyon. N'appeler que si score>=3.,2026-07-26,,,,,,,,,,0
SLOT-163,[À TROUVER] Installateur pac_clim #3 — Marseille,pac_clim,Marseille,,,,,a_verifier,a_verifier,a_verifier,a_verifier,,A_RECHERCHER,maps_adlibrary_slot,pompe à chaleur OR climatisation OR chauffagiste RGE,,,Chercher dans Ad Library + Maps: pompe à chaleur OR climatisation OR chauffagiste RGE / Marseille. N'appeler que si score>=3.,2026-07-26,,,,,,,,,,0
SLOT-164,[À TROUVER] Installateur reno #3 — Toulouse,reno,Toulouse,,,,,a_verifier,a_verifier,a_verifier,a_verifier,,A_RECHERCHER,maps_adlibrary_slot,isolation OR MaPrimeRénov OR rénovation énergétique OR menuiserie,,,Chercher dans Ad Library + Maps: isolation OR MaPrimeRénov OR rénovation énergétique OR menuiserie / Toulouse. N'appeler que si score>=3.,2026-07-26,,,,,,,,,,0
SLOT-165,[À TROUVER] Installateur solaire #3 — Nice,solaire,Nice,,,,,a_verifier,a_verifier,a_verifier,a_verifier,,A_RECHERCHER,maps_adlibrary_slot,panneaux solaires OR photovoltaïque OR devis solaire,,,Chercher dans Ad Library + Maps: panneaux solaires OR photovoltaïque OR devis solaire / Nice. N'appeler que si score>=3.,2026-07-26,,,,,,,,,,0
SLOT-166,[À TROUVER] Installateur pac_clim #3 — Nantes,pac_clim,Nantes,,,,,a_verifier,a_verifier,a_verifier,a_verifier,,A_RECHERCHER,maps_adlibrary_slot,pompe à chaleur OR climatisation OR chauffagiste RGE,,,Chercher dans Ad Library + Maps: pompe à chaleur OR climatisation OR chauffagiste RGE / Nantes. N'appeler que si score>=3.,2026-07-26,,,,,,,,,,0
SLOT-167,[À TROUVER] Installateur pac_clim #3 — Montpellier,pac_clim,Montpellier,,,,,a_verifier,a_verifier,a_verifier,a_verifier,,A_RECHERCHER,maps_adlibrary_slot,pompe à chaleur OR climatisation OR chauffagiste RGE,,,Chercher dans Ad Library + Maps: pompe à chaleur OR climatisation OR chauffagiste RGE / Montpellier. N'appeler que si score>=3.,2026-07-26,,,,,,,,,,0
SLOT-168,[À TROUVER] Installateur pac_clim #3 — Strasbourg,pac_clim,Strasbourg,,,,,a_verifier,a_verifier,a_verifier,a_verifier,,A_RECHERCHER,maps_adlibrary_slot,pompe à chaleur OR climatisation OR chauffagiste RGE,,,Chercher dans Ad Library + Maps: pompe à chaleur OR climatisation OR chauffagiste RGE / Strasbourg. N'appeler que si score>=3.,2026-07-26,,,,,,,,,,0
SLOT-169,[À TROUVER] Installateur reno #3 — Bordeaux,reno,Bordeaux,,,,,a_verifier,a_verifier,a_verifier,a_verifier,,A_RECHERCHER,maps_adlibrary_slot,isolation OR MaPrimeRénov OR rénovation énergétique OR menuiserie,,,Chercher dans Ad Library + Maps: isolation OR MaPrimeRénov OR rénovation énergétique OR menuiserie / Bordeaux. N'appeler que si score>=3.,2026-07-26,,,,,,,,,,0
SLOT-170,[À TROUVER] Installateur solaire #3 — Lille,solaire,Lille,,,,,a_verifier,a_verifier,a_verifier,a_verifier,,A_RECHERCHER,maps_adlibrary_slot,panneaux solaires OR photovoltaïque OR devis solaire,,,Chercher dans Ad Library + Maps: panneaux solaires OR photovoltaïque OR devis solaire / Lille. N'appeler que si score>=3.,2026-07-26,,,,,,,,,,0
SLOT-171,[À TROUVER] Installateur pac_clim #3 — Rennes,pac_clim,Rennes,,,,,a_verifier,a_verifier,a_verifier,a_verifier,,A_RECHERCHER,maps_adlibrary_slot,pompe à chaleur OR climatisation OR chauffagiste RGE,,,Chercher dans Ad Library + Maps: pompe à chaleur OR climatisation OR chauffagiste RGE / Rennes. N'appeler que si score>=3.,2026-07-26,,,,,,,,,,0
SLOT-172,[À TROUVER] Installateur pac_clim #3 — Reims,pac_clim,Reims,,,,,a_verifier,a_verifier,a_verifier,a_verifier,,A_RECHERCHER,maps_adlibrary_slot,pompe à chaleur OR climatisation OR chauffagiste RGE,,,Chercher dans Ad Library + Maps: pompe à chaleur OR climatisation OR chauffagiste RGE / Reims. N'appeler que si score>=3.,2026-07-26,,,,,,,,,,0
SLOT-173,[À TROUVER] Installateur pac_clim #3 — Saint-Étienne,pac_clim,Saint-Étienne,,,,,a_verifier,a_verifier,a_verifier,a_verifier,,A_RECHERCHER,maps_adlibrary_slot,pompe à chaleur OR climatisation OR chauffagiste RGE,,,Chercher dans Ad Library + Maps: pompe à chaleur OR climatisation OR chauffagiste RGE / Saint-Étienne. N'appeler que si score>=3.,2026-07-26,,,,,,,,,,0
SLOT-174,[À TROUVER] Installateur reno #3 — Toulon,reno,Toulon,,,,,a_verifier,a_verifier,a_verifier,a_verifier,,A_RECHERCHER,maps_adlibrary_slot,isolation OR MaPrimeRénov OR rénovation énergétique OR menuiserie,,,Chercher dans Ad Library + Maps: isolation OR MaPrimeRénov OR rénovation énergétique OR menuiserie / Toulon. N'appeler que si score>=3.,2026-07-26,,,,,,,,,,0
SLOT-175,[À TROUVER] Installateur solaire #3 — Le Havre,solaire,Le Havre,,,,,a_verifier,a_verifier,a_verifier,a_verifier,,A_RECHERCHER,maps_adlibrary_slot,panneaux solaires OR photovoltaïque OR devis solaire,,,Chercher dans Ad Library + Maps: panneaux solaires OR photovoltaïque OR devis solaire / Le Havre. N'appeler que si score>=3.,2026-07-26,,,,,,,,,,0
SLOT-176,[À TROUVER] Installateur pac_clim #3 — Grenoble,pac_clim,Grenoble,,,,,a_verifier,a_verifier,a_verifier,a_verifier,,A_RECHERCHER,maps_adlibrary_slot,pompe à chaleur OR climatisation OR chauffagiste RGE,,,Chercher dans Ad Library + Maps: pompe à chaleur OR climatisation OR chauffagiste RGE / Grenoble. N'appeler que si score>=3.,2026-07-26,,,,,,,,,,0
SLOT-177,[À TROUVER] Installateur pac_clim #3 — Dijon,pac_clim,Dijon,,,,,a_verifier,a_verifier,a_verifier,a_verifier,,A_RECHERCHER,maps_adlibrary_slot,pompe à chaleur OR climatisation OR chauffagiste RGE,,,Chercher dans Ad Library + Maps: pompe à chaleur OR climatisation OR chauffagiste RGE / Dijon. N'appeler que si score>=3.,2026-07-26,,,,,,,,,,0
SLOT-178,[À TROUVER] Installateur pac_clim #3 — Angers,pac_clim,Angers,,,,,a_verifier,a_verifier,a_verifier,a_verifier,,A_RECHERCHER,maps_adlibrary_slot,pompe à chaleur OR climatisation OR chauffagiste RGE,,,Chercher dans Ad Library + Maps: pompe à chaleur OR climatisation OR chauffagiste RGE / Angers. N'appeler que si score>=3.,2026-07-26,,,,,,,,,,0
SLOT-179,[À TROUVER] Installateur reno #3 — Nîmes,reno,Nîmes,,,,,a_verifier,a_verifier,a_verifier,a_verifier,,A_RECHERCHER,maps_adlibrary_slot,isolation OR MaPrimeRénov OR rénovation énergétique OR menuiserie,,,Chercher dans Ad Library + Maps: isolation OR MaPrimeRénov OR rénovation énergétique OR menuiserie / Nîmes. N'appeler que si score>=3.,2026-07-26,,,,,,,,,,0
SLOT-180,[À TROUVER] Installateur solaire #3 — Villeurbanne,solaire,Villeurbanne,,,,,a_verifier,a_verifier,a_verifier,a_verifier,,A_RECHERCHER,maps_adlibrary_slot,panneaux solaires OR photovoltaïque OR devis solaire,,,Chercher dans Ad Library + Maps: panneaux solaires OR photovoltaïque OR devis solaire / Villeurbanne. N'appeler que si score>=3.,2026-07-26,,,,,,,,,,0
SLOT-181,[À TROUVER] Installateur pac_clim #3 — Clermont-Ferrand,pac_clim,Clermont-Ferrand,,,,,a_verifier,a_verifier,a_verifier,a_verifier,,A_RECHERCHER,maps_adlibrary_slot,pompe à chaleur OR climatisation OR chauffagiste RGE,,,Chercher dans Ad Library + Maps: pompe à chaleur OR climatisation OR chauffagiste RGE / Clermont-Ferrand. N'appeler que si score>=3.,2026-07-26,,,,,,,,,,0
SLOT-182,[À TROUVER] Installateur pac_clim #3 — Aix-en-Provence,pac_clim,Aix-en-Provence,,,,,a_verifier,a_verifier,a_verifier,a_verifier,,A_RECHERCHER,maps_adlibrary_slot,pompe à chaleur OR climatisation OR chauffagiste RGE,,,Chercher dans Ad Library + Maps: pompe à chaleur OR climatisation OR chauffagiste RGE / Aix-en-Provence. N'appeler que si score>=3.,2026-07-26,,,,,,,,,,0
SLOT-183,[À TROUVER] Installateur pac_clim #3 — Brest,pac_clim,Brest,,,,,a_verifier,a_verifier,a_verifier,a_verifier,,A_RECHERCHER,maps_adlibrary_slot,pompe à chaleur OR climatisation OR chauffagiste RGE,,,Chercher dans Ad Library + Maps: pompe à chaleur OR climatisation OR chauffagiste RGE / Brest. N'appeler que si score>=3.,2026-07-26,,,,,,,,,,0
SLOT-184,[À TROUVER] Installateur reno #3 — Limoges,reno,Limoges,,,,,a_verifier,a_verifier,a_verifier,a_verifier,,A_RECHERCHER,maps_adlibrary_slot,isolation OR MaPrimeRénov OR rénovation énergétique OR menuiserie,,,Chercher dans Ad Library + Maps: isolation OR MaPrimeRénov OR rénovation énergétique OR menuiserie / Limoges. N'appeler que si score>=3.,2026-07-26,,,,,,,,,,0
SLOT-185,[À TROUVER] Installateur solaire #3 — Tours,solaire,Tours,,,,,a_verifier,a_verifier,a_verifier,a_verifier,,A_RECHERCHER,maps_adlibrary_slot,panneaux solaires OR photovoltaïque OR devis solaire,,,Chercher dans Ad Library + Maps: panneaux solaires OR photovoltaïque OR devis solaire / Tours. N'appeler que si score>=3.,2026-07-26,,,,,,,,,,0
