n,nom,adresse,rue,tel,type,web
1,Agence Groupama Hennebont,"1 B Pl. Maréchal Foch 1 Et, 56700 Hennebont, France",Place Foch,02 97 36 23 09,insurance_agency,https://agences.groupama.fr/assurance/loire-bretagne/agence-groupama-hennebont-idLBR58083?lm=fiche-etablissement-google_lbr_hennebont_page
2,AXA Assurance et Banque Denis & Yasmina POTIER,"Residence Du Puits Ferre, 1 Pl. Maréchal Foch, 56700 Hennebont, France",Place Foch,02 97 36 58 88,insurance_agency,https://agence.axa.fr/distributeur/0001821904?utm_campaign=Multidiffusion&utm_content=0001821904&utm_medium=local&utm_source=GMB
3,Boulangerie Pâtisserie Chocolaterie Le Fournil,"28 Pl. Maréchal Foch, 56700 Hennebont, France",Place Foch,02 97 37 76 09,bakery,
4,Chic Choc Coiffure Esthétique,"1 Pl. Maréchal Foch, 56700 Hennebont, France",Place Foch,02 97 85 06 29,hair_salon,http://www.chicchoccoiffure.fr/
5,Court'Immo Tetrel Laurence Agent Indépendant,"12 Pl. Maréchal Foch, 56700 Hennebont, France",Place Foch,02 97 86 63 17,consultant,https://www.courtimmo-bretagne.com/conseiller/laurence-tetrel-courtiere-en-credits-immobiliers-lorient
6,Entract Bar,"1 ter Pl. Maréchal Foch, 56700 Hennebont, France",Place Foch,02 97 36 25 58,bar,
7,For Men,"3 Pl. Maréchal Foch, 56700 Hennebont, France",Place Foch,02 97 85 10 76,hair_salon,https://frmaps.xyz/business/for-men-wK66srVk
8,Hennebont Brocante,"9 Pl. Maréchal Foch, 56700 Hennebont, France",Place Foch,06 75 11 58 21,home_goods_store,
9,la medina,"22 BIS Pl. Maréchal Foch, 56700 Hennebont, France",Place Foch,02 97 88 76 12,moroccan_restaurant,
10,LE BEC Immobilier HENNEBONT,"4 Pl. Maréchal Foch, 56700 Hennebont, France",Place Foch,02 97 36 87 99,real_estate_agency,https://www.lebec-lorient.com/
11,LE HENNEBONTAISE,"8 Pl. Maréchal Foch, 56700 Hennebont, France",Place Foch,02 97 36 22 65,bakery,
12,le spot,"14 Pl. Maréchal Foch, 56700 Hennebont, France",Place Foch,02 97 36 22 19,bar,https://www.instagram.com/le_spot_bistro_resto/
13,Le Vieux Logis,"5 Pl. Maréchal Foch, 56700 Hennebont, France",Place Foch,02 97 36 21 55,restaurant,https://www.levieuxlogishennebont-56.fr/
14,MAP Immobilier Hennebont - Gestion & Location,"16 Pl. Maréchal Foch, 56700 Hennebont, France",Place Foch,02 97 36 20 04,real_estate_agency,https://www.mapimmobilier.fr/?utm_source=gmb
15,Robin Lecomte Immobilier,"13 Pl. Maréchal Foch, 56700 Hennebont, France",Place Foch,06 18 54 50 91,service,https://www.iadfrance.fr/conseiller-immobilier/robin.lecomte
16,Star Istanbul,"18 Pl. Maréchal Foch, 56700 Hennebont, France",Place Foch,09 52 93 05 39,turkish_restaurant,https://www.star-istanbul.com/
17,Angel,"3 Rue Trottier, 56700 Hennebont, France",Rue Trottier,02 97 85 53 21,jewelry_store,
18,Aréas Assurances Yvonnick YOUF,"11 Rue Trottier, 56700 Hennebont, France",Rue Trottier,02 97 36 22 78,insurance_agency,https://www.areas.fr/agence-assurance/56700/y.youf-hennebont
19,Boulangerie Pâtisserie Nath & Math,"Rue Trottier, 56700 Hennebont, France",Rue Trottier,02 97 12 49 18,bakery,
20,Carrefour Express,"21 Rue Trottier, 56700 Hennebont, France",Rue Trottier,02 97 78 91 25,supermarket,https://www.carrefour.fr/magasin/express-hennebont-trottier
21,Crêp' Délice,"37 Rue Trottier, 56700 Hennebont, France",Rue Trottier,02 97 88 43 39,dessert_shop,http://fb.me/crepdelice56700
22,Crêperie Saint-Géron,"27 Rue Trottier, 56700 Hennebont, France",Rue Trottier,02 97 36 20 57,dessert_shop,https://www.facebook.com/creperiesaintgeron
23,Fournil Des Remparts,"25 Rue Trottier, 56700 Hennebont, France",Rue Trottier,02 97 36 44 12,bakery,
24,Locavideo,"13 Rue Trottier, 56700 Hennebont, France",Rue Trottier,02 97 36 30 30,store,http://guillemotdidier.site-solocal.com/
25,Lucas sandwichs & burgers,"7 Rue Trottier, 56700 Hennebont, France",Rue Trottier,09 83 94 30 68,fast_food_restaurant,
26,MHAJ Immobilier Hennebont,"21 Rue Trottier, 56700 Hennebont, France",Rue Trottier,02 30 91 93 66,real_estate_agency,https://mhaj.fr/
27,Pharmacie des Remparts,"37 Rue Trottier, 56700 Hennebont, France",Rue Trottier,02 97 85 58 58,pharmacy,https://pharmacies.giphar.fr/bretagne/morbihan/hennebont/pharmacie-des-remparts-hennebont-490?locale=fr
28,Pharmacie LE RAY MANCERON,"1 Rue Trottier, 56700 Hennebont, France",Rue Trottier,02 97 36 20 60,pharmacy,http://www.pharmacie-leraymanceron-hennebont.fr/
29,SPEED BURGER HENNEBONT,"33 Rue Trottier, 56700 Hennebont, France",Rue Trottier,02 90 38 09 87,hamburger_restaurant,https://www.speed-burger.com/livraison-hamburger/hennebont?utm_source=google&utm_medium=organic&utm_campaign=mybusiness-website
30,Terra CBD Hennebont,"17 Rue Trottier, 56700 Hennebont, France",Rue Trottier,02 97 24 52 06,store,https://terracbd.fr/
31,Bellona Institut,"24 Rue Maréchal Joffre, 56700 Hennebont, France",Rue Joffre,07 80 18 55 26,nail_salon,https://www.iarabeauty.com/pro/bellona.institut
32,Bernard Chausseur,"15 Rue Maréchal Joffre, 56700 Hennebont, France",Rue Joffre,02 97 36 12 41,shoe_store,https://www.instagram.com/bernard_chausseur/?hl=fr
33,BnB Informatique,"6 Rue Maréchal Joffre, 56700 Hennebont, France",Rue Joffre,06 65 62 15 43,service,
34,Boucherie Des Remp’arts,"11 Rue Maréchal Joffre, 56700 Hennebont, France",Rue Joffre,02 30 91 90 81,food_store,
35,Brasserie artisanale La belle joie,"181 rue Maréchal Joffre, Espa. Beaufort, 56700 Hennebont, France",Rue Joffre,06 51 55 32 62,brewpub,https://www.labellejoie.fr/
36,BUCOLIQUE,"7 Rue Maréchal Joffre, 56700 Hennebont, France",Rue Joffre,02 97 64 31 08,florist,https://www.instagram.com/bucoliquefleuriste?igsh=MWZzbnRxejl6cTJrbg==
37,CAVE LE PRESSOIR,"81 Rue Maréchal Joffre, 56700 Hennebont, France",Rue Joffre,02 97 36 56 95,liquor_store,https://www.lepressoir-hennebont.com/
38,Coiffure Mixte Galais Yann,"43 Rue Maréchal Joffre, 56700 Hennebont, France",Rue Joffre,02 97 36 24 03,hair_salon,http://galais.site-solocal.com/
39,Creperie Saint Michel,"105 Rue Maréchal Joffre, 56700 Hennebont, France",Rue Joffre,02 97 78 85 94,dessert_shop,
40,Crêperie La Bergerie,"20 Rue Maréchal Joffre, 56700 Hennebont, France",Rue Joffre,02 97 89 43 52,dessert_shop,
41,Diabolo,"17 Rue Maréchal Joffre, 56700 Hennebont, France",Rue Joffre,02 97 36 40 05,clothing_store,http://www.diabolohennebont.com/
42,Epitete Morgane,"103 Rue Maréchal Joffre, 56700 Hennebont, France",Rue Joffre,02 97 89 43 69,hair_salon,
43,Eurl Jolie Nature,"88 Rue Maréchal Joffre, 56700 Hennebont, France",Rue Joffre,09 63 41 92 81,grocery_store,https://www.facebook.com/jolienaturebio/
44,Find Your Shoes,"1 Rue Maréchal Joffre, 56700 Hennebont, France",Rue Joffre,06 40 12 33 22,shoe_store,
45,Happy nails,"29 Rue Maréchal Joffre, 56700 Hennebont, France",Rue Joffre,07 69 59 16 66,nail_salon,https://instagram.com/ongles_hennebont?igshid=YTQwZjQ0NmI0OA==
46,HENNEBONT AUTO ECOLE,"21 Rue Maréchal Joffre, 56700 Hennebont, France",Rue Joffre,02 97 36 59 09,educational_institution,https://www.hennebont-autoecole.com/
47,La casa Nonna - Pizzéria / Restaurant / Grill,"5 Rue Maréchal Joffre, 56700 Hennebont, France",Rue Joffre,06 37 28 90 67,pizza_restaurant,
48,Le Fournil Du Haras,"101 Rue Maréchal Joffre, 56700 Hennebont, France",Rue Joffre,02 97 36 22 36,bakery,
49,Maisons de Bretagne,"19 Rue Maréchal Joffre, 56700 Hennebont, France",Rue Joffre,02 98 39 54 54,real_estate_agency,https://www.maisons-de-bretagne.com/annonces/285066/maisons-de-bretagne-hennebont.html
50,Natur'Eléa,"42 Rue Maréchal Joffre, 56700 Hennebont, France",Rue Joffre,02 97 36 17 86,store,https://www.instagram.com/naturelea_hennebont?igsh=MWp6ZTJhYjEyd2UxMw%3D%3D&utm_source=qr
51,Rapid Couture - Hennebont,"2 bis Rue Maréchal Joffre, 56700 Hennebont, France",Rue Joffre,02 97 55 72 08,clothing_store,https://www.rapid-couture.com/atelier/rapid-couture-2-bis-rue-marechal-joffre-hennebont/
52,Restaurant La Madone Pizzeria à emporter Hennebont : Pizzas/Crousty Madone/Ciabatta,"19 Rue Maréchal Joffre, 56700 Hennebont, France",Rue Joffre,02 97 85 07 17,pizza_restaurant,https://pizza-hennebont.fr/
53,Salaün Holidays Hennebont,"7 Rue Maréchal Joffre, 56700 Hennebont, France",Rue Joffre,02 97 36 15 23,travel_agency,https://agences.salaun-holidays.com/fr/bretagne/morbihan/hennebont/salaun-holidays-hennebont-84
54,Seconde Main by Kris,"33 Rue Maréchal Joffre, 56700 Hennebont, France",Rue Joffre,06 50 05 05 33,clothing_store,
55,Sozénitude,"22 Rue Maréchal Joffre, 56700 Hennebont, France",Rue Joffre,07 61 11 24 64,massage_spa,
56,Studio Elegance,"29 Rue Maréchal Joffre, 56700 Hennebont, France",Rue Joffre,09 82 68 71 79,beauty_salon,https://www.studio-elegance.fr/
57,Dynamite Games,"1 Pl. du Général de Gaulle, 56700 Hennebont, France",Place de Gaulle,02 97 36 49 90,store,https://www.facebook.com/DynamiteGamesHennebont/
58,Epi Service,"3 Pl. du Général de Gaulle, 56700 Hennebont, France",Place de Gaulle,02 97 36 13 24,grocery_store,
59,Le Zinc,"7 Pl. du Général de Gaulle, 56700 Hennebont, France",Place de Gaulle,02 97 36 46 73,restaurant,
60,NOTAIRES BLAVET OCEAN. Me PEGOURIER-FISCHER et Me NIFOU.,"13 Pl. du Général de Gaulle, 56700 Hennebont, France",Place de Gaulle,02 97 36 20 77,finance,
61,Roule Ma Poule KIDS,"9 Pl. du Général de Gaulle, 56700 Hennebont, France",Place de Gaulle,02 97 30 06 32,toy_store,http://www.rmp-kids.com/
62,SAMUEL LE GAL COURTAGE,"15 Pl. du Général de Gaulle, 56700 Hennebont, France",Place de Gaulle,02 97 36 62 02,insurance_agency,http://slgcourtage.com/
63,Ker-Optique,"1 Rue du Puits Ferré, 56700 Hennebont, France",Puits Ferré,02 97 36 56 02,store,
64,Les Lunettes d'Hennebont,"8 Rue du Puits Ferré, 56700 Hennebont, France",Puits Ferré,02 97 36 21 86,store,http://les-lunettes-dhennebont-hennebont2.monopticien.com/
65,Mag Presse du Puits Ferré,"12 Rue du Puits Ferré, 56700 Hennebont, France",Puits Ferré,02 97 36 24 16,store,http://www.magpresse.com/
66,Nuances by M,"8 Rue du Puits Ferré, 56700 Hennebont, France",Puits Ferré,02 97 37 44 14,gift_shop,https://www.facebook.com/profile.php?id=100079189114933
67,Thélem assurances Hennebont,"6 Rue du Puits Ferré, 56700 Hennebont, France",Puits Ferré,02 97 85 59 59,insurance_agency,https://www.thelem-assurances.fr/agences/hennebont/
68,Vision Plus,"8 Rue du Puits Ferré, 56700 Hennebont, France",Puits Ferré,02 97 83 42 17,store,http://www.vision-plus.fr/opticien/france/morbihan/opticien-hennebont/hennebont-ferre
69,ZA TORIKO,"3 Rue du Puits Ferré, 56700 Hennebont, France",Puits Ferré,09 80 86 44 92,meal_takeaway,https://www.zatoriko.fr/
70,L'Atelier So'Hair,"2 Quai du Pont Neuf, 56700 Hennebont, France",Pont Neuf,02 97 36 13 38,hair_salon,
71,Le Talao,"2 Quai du Pont Neuf, 56700 Hennebont, France",Pont Neuf,02 97 36 25 14,bar,
72,SUSHI N POKE,"4 Quai du Pont Neuf, 56700 Hennebont, France",Pont Neuf,02 97 50 00 53,restaurant,https://www.sushinpoke.fr/
73,Zk barber,"4 Quai du Pont Neuf, 56700 Hennebont, France",Pont Neuf,09 87 78 17 67,hair_salon,
74,La Fleur de Blé,"4 Rue Edouard Herriot, 56700 Hennebont, France",Herriot / Poste,02 97 85 57 70,dessert_shop,https://www.facebook.com/share/1ERCaPoM78/?mibextid=wwXIfr
75,Le Chat Botté,"7 Rue de la Poste, 56700 Hennebont, France",Herriot / Poste,02 97 85 03 09,restaurant,https://www.le-chat-botte-restaurant-hennebont.fr/
76,Pub O'Sullivans,"8 Rue Edouard Herriot, 56700 Hennebont, France",Herriot / Poste,02 97 36 53 78,bar,
77,Agence Sixieme Avenue Hennebont,"1 Rue de la Tour Saint-Nicolas, 56700 Hennebont, France",Tour Saint-Nicolas,02 97 32 29 45,real_estate_agency,https://hennebont.sixiemeavenue.com/
78,Métamorphose,"1 Rue de la Tour Saint-Nicolas, 56700 Hennebont, France",Tour Saint-Nicolas,02 97 36 24 01,hair_salon,
79,Agence immobilière Laforêt Hennebont,"7 Av. de la Libération, 56700 Hennebont, France",Av. Libération,02 97 85 18 18,real_estate_agency,https://www.laforet.com/agence-immobiliere/hennebont?utm_source=google&utm_medium=mybusiness
80,ASSUROCEAN,"19 Av. de la Libération, 56700 Hennebont, France",Av. Libération,02 97 36 40 28,insurance_agency,https://www.assurocean.com/
81,Auto Ecole ECM,"3 Av. de la Libération, 56700 Hennebont, France",Av. Libération,06 74 77 88 73,educational_institution,
82,Bigoud' Lav,"37 Av. de la Libération, 56700 Hennebont, France",Av. Libération,06 50 41 35 10,laundry,https://www.bigoudlav.fr/
83,Courtier indépendant en prêt immobilier - Nadège GUILLOU-CORLAY - LA MAILLE IMMOBILIER,"15 Av. de la Libération, 56700 Hennebont, France",Av. Libération,06 77 00 72 77,finance,http://www.la-maille-immobilier.fr/
84,Domino's Pizza Hennebont,"11 Av. de la Libération, 56700 Hennebont, France",Av. Libération,02 97 89 00 00,pizza_restaurant,https://www.dominos.fr/?utm_source=google&utm_medium=local&utm_campaign=yext
85,Eléphant Bleu,"56 Av. de la Libération, 56700 Hennebont, France",Av. Libération,02 97 85 09 47,car_wash,https://www.elephantbleu.com/ma-station-de-lavage/centre-elephant-bleu-hennebont/
86,Garage Dugor,"32 Av. de la Libération, 56700 Hennebont, France",Av. Libération,02 97 36 20 83,car_repair,
87,Le Sherlock,"9 Av. de la Libération, 56700 Hennebont, France",Av. Libération,02 22 21 75 77,bar,
88,MMA Assurances HENNEBONT,"13 Av. de la Libération, 56700 Hennebont, France",Av. Libération,02 97 36 21 52,insurance_agency,https://agence.mma.fr/560701/?utm_source=Uberall&utm_medium=referral
89,Mutualia,"54 Av. de la Libération, 56700 Hennebont, France",Av. Libération,02 97 62 30 00,insurance_agency,https://agence.mutualia.fr/23-mutualia-hennebont?utm_source=gmb
90,Nouvel Hair Hennebont,"37 Av. de la Libération, 56700 Hennebont, France",Av. Libération,02 97 36 12 95,hair_salon,http://nouvelhair-56.fr/
91,Park Immobilier Hennebont,"5bis Av. de la Libération, 56700 Hennebont, France",Av. Libération,02 97 35 48 44,real_estate_agency,http://www.hennebont.parkimmobilier.fr/
92,POUDRE D'ANGES HENNEBONT,"10 rue de la Libération, 56700 Hennebont, France",Av. Libération,02 97 89 45 14,beauty_salon,http://www.poudredanges.fr/
93,SAGE Conduite,"4 Av. de la Libération, 56700 Hennebont, France",Av. Libération,02 97 85 02 46,educational_institution,http://sage-conduite.fr/
94,Samia Institut,"37 Av. de la Libération, 56700 Hennebont, France",Av. Libération,02 97 05 41 51,beauty_salon,http://www.samia-institut.com/
95,Seb & Marion (Artisans Boulanger),"56 Av. de la Libération, 56700 Hennebont, France",Av. Libération,02 97 12 37 44,bakery,
96,Square Habitat Hennebont,"27 Av. de la Libération, 56700 Hennebont, France",Av. Libération,02 97 21 93 21,real_estate_agency,https://www.squarehabitat.fr/square-habitat-bretagne/nos-agences-immobilieres/morbihan/hennebont-56700/agence/hennebont-square-habitat
97,Success Immobilier,"4 Av. de la Libération, 56700 Hennebont, France",Av. Libération,02 97 89 85 09,real_estate_agency,
98,Universe Frip's,"23 Av. de la Libération, 56700 Hennebont, France",Av. Libération,09 80 62 98 24,clothing_store,
99,Villa Florale,"56B Av. de la Libération, 56700 Hennebont, France",Av. Libération,02 97 36 32 88,florist,
100,West Barbershop Hennebont,"1 Av. de la Libération, 56700 Hennebont, France",Av. Libération,02 22 21 71 13,hair_salon,
