nom,email,telephone,adresse,ville_zone,site,maps,note,nb_avis,statut,email_source,place_id,lat,lng,statut_crm,date_ajout
HOMELOK,reservations@homelok.fr,06 13 52 85 25,"58 Bd Léon Blum, 56100 Lorient",Lorient,https://homelok.fr/,https://maps.google.com/?cid=6353624847130405994&g_mp=Cidnb29nbGUubWFwcy5wbGFjZXMudjEuUGxhY2VzLlNlYXJjaFRleHQQAhgEIAA,4.7,601,OPERATIONAL,page_contact,ChIJ__-DgKxfEEgRaqxNsSKcLFg,47.7486544,-3.3739097000000005,a_contacter,2026-08-12
Weekeys Conciergerie,hello@weekeysconciergerie.fr,06 15 25 07 72,"3 Rle Saint-Sauveur, 22100 Dinan",Saint-Malo,https://www.weekeysconciergerie.fr/,https://maps.google.com/?cid=1830381883347184017&g_mp=Cidnb29nbGUubWFwcy5wbGFjZXMudjEuUGxhY2VzLlNlYXJjaFRleHQQAhgEIAA,4.9,276,OPERATIONAL,site_accueil,ChIJUSjWlRxhZm8RkSk4CKDSZhk,48.4531554,-2.0430622,a_contacter,2026-08-12
Justuntoit Conciergerie,contact@justuntoit.fr,07 56 81 84 36,"11 Rue Amiral Troude, 29200 Brest",Brest,https://www.justuntoit.fr/,https://maps.google.com/?cid=8692535281720326431&g_mp=Cidnb29nbGUubWFwcy5wbGFjZXMudjEuUGxhY2VzLlNlYXJjaFRleHQQAhgEIAA,4.7,273,OPERATIONAL,site_accueil,ChIJF9wW5nT0XGURH3l9oMgWong,48.3862072,-4.4794038,a_contacter,2026-08-12
Mariette Immobilier - Concarneau,contact@mariette-ic.com,02 98 51 57 79,"17 Av. de la Gare, 29900 Concarneau",Concarneau,https://www.mariette-immobilier-conciergerie.com/,https://maps.google.com/?cid=12230172870223042210&g_mp=Cidnb29nbGUubWFwcy5wbGFjZXMudjEuUGxhY2VzLlNlYXJjaFRleHQQAhgEIAA,4.9,178,OPERATIONAL,site_accueil,ChIJE5wg6DrbEEgRopZDX21Nuqk,47.875467900000004,-3.9193453000000003,a_contacter,2026-08-12
Cocoonr Rennes - Agence de conciergerie et location,contact@cocoonr.fr,09 70 70 08 59,"50 Rue d'Antrain, 35000 Rennes",Rennes,https://cocoonr.fr/location-court-sejour/rennes-35/?,https://maps.google.com/?cid=18268338223682036855&g_mp=Cidnb29nbGUubWFwcy5wbGFjZXMudjEuUGxhY2VzLlNlYXJjaFRleHQQAhgEIAA,3.8,178,OPERATIONAL,page_contact,ChIJZafkbx_fDkgRdyRCG9Mshv0,48.1166659,-1.6782808,a_contacter,2026-08-12
Cocoonr Saint-Malo - Agence de conciergerie et de location,contact@cocoonr.fr,09 70 70 08 59,"9 Av. Jean Jaurès, 35400 Saint-Malo",Saint-Malo,https://cocoonr.fr/location-court-sejour/saint-malo-35/,https://maps.google.com/?cid=10527549331059094862&g_mp=Cidnb29nbGUubWFwcy5wbGFjZXMudjEuUGxhY2VzLlNlYXJjaFRleHQQAhgEIAA,4.4,169,OPERATIONAL,page_contact,ChIJ76256NCBDkgRTrUt2VZeGZI,48.648615799999995,-2.0076764,a_contacter,2026-08-12
Conciergerie De La Baie De Morlaix,contact@conciergeriedelabaiedemorlaix.com,06 48 07 13 20,"6 Rue de Prat Per, 29420 Plouénan",Lannion,https://www.conciergeriedelabaiedemorlaix.com/,https://maps.google.com/?cid=17988864895592974681&g_mp=Cidnb29nbGUubWFwcy5wbGFjZXMudjEuUGxhY2VzLlNlYXJjaFRleHQQAhgEIAA,5,128,OPERATIONAL,site_accueil,ChIJF0SQ7K5dEUgRWUlQPlBJpfk,48.6273841,-3.9913010000000004,a_contacter,2026-08-12
"Concierge BB, Conciergerie Airbnb - Partenaire local",demande@conciergebb.fr,09 80 80 12 66,"9 Rue Saint-Saëns, 29200 Brest",Lannion,https://www.conciergebb.fr/pages/conciergerie-airbnb-brest-gestion-de-location-courte-duree,https://maps.google.com/?cid=586432005451605802&g_mp=Cidnb29nbGUubWFwcy5wbGFjZXMudjEuUGxhY2VzLlNlYXJjaFRleHQQAhgEIAA,4.3,116,OPERATIONAL,site_accueil,ChIJiyajmEW5FkgRKufcSc1sIwg,48.3913611,-4.4829915,a_contacter,2026-08-12
Les Saisons d'Emeraude,gestion@saisons-emeraude.com,07 56 90 06 03,"21 Rue Beauséjour, 35400 Saint-Malo",Saint-Malo,https://www.saisons-emeraude.com/,https://maps.google.com/?cid=6955938328860626759&g_mp=Cidnb29nbGUubWFwcy5wbGFjZXMudjEuUGxhY2VzLlNlYXJjaFRleHQQAhgEIAA,5,113,OPERATIONAL,site_accueil,ChIJQcJpv96BDkgRRw9DUw51iGA,48.6348884,-2.0027971,a_contacter,2026-08-12
Conciergerie LOCATION CONCEPT,contact@location-concept.fr,06 38 80 87 34,"78B Av. du 4 Août 1944, 56000 Vannes",Vannes,https://www.location-concept.fr/,https://maps.google.com/?cid=12698078555004147204&g_mp=Cidnb29nbGUubWFwcy5wbGFjZXMudjEuUGxhY2VzLlNlYXJjaFRleHQQAhgEIAA,4.8,106,OPERATIONAL,site_accueil,ChIJ95xFwEkZEEgRBBYHISujOLA,47.674798499999994,-2.7588562999999997,a_contacter,2026-08-12
ALB Conciergerie - Gestion Locative Airbnb à Lorient & Environs,contact@albconciergerie.fr,06 34 95 41 39,"107 Rue Louis Roche, 56100 Lorient",Fouesnant,https://albconciergerie.fr/,https://maps.google.com/?cid=17788870856315224920&g_mp=Cidnb29nbGUubWFwcy5wbGFjZXMudjEuUGxhY2VzLlNlYXJjaFRleHQQAhgEIAA,4.8,77,OPERATIONAL,page_contact,ChIJn8mQf-YyT2URWMP3WcvD3vY,47.7588638,-3.3774224,a_contacter,2026-08-12
Interhome,info@interhome.ch,02 23 17 26 76,"23 Rue Levavasseur, 35800 Dinard",Dinard,https://www.interhome.fr/services-sur-place/interhome-dinard-fr098/?partnerid=&utm_source=gmb&utm_campaign=fr098-dinard&utm_medium=gmb&utm_locale=fr-fr,https://maps.google.com/?cid=12379167885819904847&g_mp=Cidnb29nbGUubWFwcy5wbGFjZXMudjEuUGxhY2VzLlNlYXJjaFRleHQQAhgEIAA,3.5,73,OPERATIONAL,page_contact,ChIJ-bd7L8SADkgRTwM4wZqjy6s,48.6337725,-2.0532038999999997,a_contacter,2026-08-12
Heaven Home - Conciergerie à Guingamp,contact@heaven-home.co,07 84 83 14 90,"23 Rue Gambetta, 22970 Ploumagoar",Saint-Brieuc,http://heaven-home.co/,https://maps.google.com/?cid=8657460140113716295&g_mp=Cidnb29nbGUubWFwcy5wbGFjZXMudjEuUGxhY2VzLlNlYXJjaFRleHQQAhgEIAA,4.6,63,OPERATIONAL,site_accueil,ChIJ3aCNASWNEUgRR-SU1CB6JXg,48.5574869,-3.1353017000000003,a_contacter,2026-08-12
Bretagne emeraude conciergerie et multi services,bretagne-emeraude.conciergerie@bbox.fr,06 61 27 12 59,"2 Imp. d'Armor, 35260 Cancale",Saint-Malo,https://bretagne-emeraude-conciergerie.fr/,https://maps.google.com/?cid=10659444310326905573&g_mp=Cidnb29nbGUubWFwcy5wbGFjZXMudjEuUGxhY2VzLlNlYXJjaFRleHQQAhgEIAA,5,63,OPERATIONAL,site_accueil,ChIJmf0RWcqdDkgR5QoYxB_07ZM,48.6846463,-1.8597218,a_contacter,2026-08-12
Conciergerie LA BRETONNE,conciergerie@la-bretonne.fr,06 23 48 61 69,"50 Kerarmoal Lieu-dit, 29870 Landéda",Brest,http://www.la-bretonne.fr/,https://maps.google.com/?cid=12933930013873527356&g_mp=Cidnb29nbGUubWFwcy5wbGFjZXMudjEuUGxhY2VzLlNlYXJjaFRleHQQAhgEIAA,4.8,62,OPERATIONAL,site_accueil,ChIJR1cJZBZeDoMRPNqxGtKMfrM,48.6003495,-4.5953808,a_contacter,2026-08-12
Conciergerie Du Golfe,contact@conciergeriedugolfe.fr,07 85 16 34 53,"3 Pl. Olivier Delourme, 56000 Vannes",Vannes,http://conciergeriedugolfe.fr/,https://maps.google.com/?cid=908634469349806908&g_mp=Cidnb29nbGUubWFwcy5wbGFjZXMudjEuUGxhY2VzLlNlYXJjaFRleHQQAhgEIAA,4.5,62,OPERATIONAL,site_accueil,ChIJP4oEfdcfEEgRPFNFWDwenAw,47.6657644,-2.7687779999999997,a_contacter,2026-08-12
la conciergerie de quiberon,laconciergeriedequiberon@outlook.fr,06 73 77 95 43,"28 Bd Anatole France, 56170 Quiberon",Quiberon,http://www.laconciergeriedequiberon.fr/,https://maps.google.com/?cid=860828600695588277&g_mp=Cidnb29nbGUubWFwcy5wbGFjZXMudjEuUGxhY2VzLlNlYXJjaFRleHQQAhgEIAA,4.2,59,OPERATIONAL,site_accueil,ChIJmwEZLMx3EEgRtQX1LA1H8gs,47.4820323,-3.1160162,a_contacter,2026-08-12
Finistarmor : Conciergerie à Brest & dans le Finistère,bnb@conciergerie-finistarmor.fr,02 55 99 62 31,"25 Rue Robert Schuman, 29480 Le Relecq-Kerhuon",Brest,https://www.conciergerie-finistarmor.fr/,https://maps.google.com/?cid=2405069165504020667&g_mp=Cidnb29nbGUubWFwcy5wbGFjZXMudjEuUGxhY2VzLlNlYXJjaFRleHQQAhgEIAA,5,56,OPERATIONAL,site_accueil,ChIJ1apOG0ixFkgRu8Ac1qmFYCE,48.397282999999995,-4.406178,a_contacter,2026-08-12
Conciergerie Bienvenue | Vannes - Auray - Carnac,conciergeriebienvenue@gmail.com,06 61 08 10 83,"128 Av. de Verdun, 56000 Vannes",Carnac,http://www.conciergeriebienvenue.com/,https://maps.google.com/?cid=13642663414567909251&g_mp=Cidnb29nbGUubWFwcy5wbGFjZXMudjEuUGxhY2VzLlNlYXJjaFRleHQQAhgEIAA,5,55,OPERATIONAL,site_accueil,ChIJlQCp8xp4jIQRg7eJ9xd6VL0,47.6645955,-2.7373278,a_contacter,2026-08-12
Conciergerie Rennes Host - Conciergerie à Rennes,conciergerie@rennes-host.fr,06 19 72 94 44,"92 Rue Paul Féval, 35000 Rennes",Rennes,https://www.rennes-host.fr/contact,https://maps.google.com/?cid=10271158445628594122&g_mp=Cidnb29nbGUubWFwcy5wbGFjZXMudjEuUGxhY2VzLlNlYXJjaFRleHQQAhgEIAA,5,54,OPERATIONAL,site_accueil,ChIJo8PkNW7FZycRyhdy9y98io4,48.1015572,-1.6767345,a_contacter,2026-08-12
Interhome,info@interhome.ch,02 99 20 08 20,"51 Rue Nicolas Bouvier, 35400 Saint-Malo",Saint-Malo,https://www.interhome.fr/services-sur-place/interhome-st-malo-fr084/?partnerid=&utm_source=gmb&utm_campaign=fr084-saint-malo&utm_medium=gmb&utm_locale=fr-fr,https://maps.google.com/?cid=18008588397629721726&g_mp=Cidnb29nbGUubWFwcy5wbGFjZXMudjEuUGxhY2VzLlNlYXJjaFRleHQQAhgEIAA,3.9,53,OPERATIONAL,page_contact,ChIJs8HyT2-BDkgRfszw6rtb6_k,48.6473162,-2.0055411999999997,a_contacter,2026-08-12
Cocoonr Vannes-Morbihan - Agence de Conciergerie et Location,contact@cocoonr.fr,09 70 70 08 59,"10 Pl. de la Madeleine, 56000 Vannes",Vannes,https://cocoonr.fr/location-court-sejour/agence/morbihan/?arrival=&departure=&nb_persons=1,https://maps.google.com/?cid=8508988243503659393&g_mp=Cidnb29nbGUubWFwcy5wbGFjZXMudjEuUGxhY2VzLlNlYXJjaFRleHQQAhgEIAA,4.7,52,OPERATIONAL,page_contact,ChIJt8XEu18fEEgRgbkClLn_FXY,47.6591792,-2.7720701,a_contacter,2026-08-12
Nomad Conciergerie Rennes Pauline & Gregory,contact@nomadconciergerie.com,07 56 91 92 48,"13 Rue de la Santé, 35000 Rennes",Rennes,https://www.nomadconciergerie.com/,https://maps.google.com/?cid=5308980732240204999&g_mp=Cidnb29nbGUubWFwcy5wbGFjZXMudjEuUGxhY2VzLlNlYXJjaFRleHQQAhgEIAA,5,51,OPERATIONAL,site_accueil,ChIJWcWk8i3fDkgRxxSSCNlJrUk,48.1080706,-1.6864046,a_contacter,2026-08-12
Hestia Conciergerie,contact@hestiaconciergerie.bzh,06 08 21 13 91,"2 Rue des Ateliers, 29290 Saint-Renan",Brest,https://hestiaconciergerie.bzh/,https://maps.google.com/?cid=3415404784660713963&g_mp=Cidnb29nbGUubWFwcy5wbGFjZXMudjEuUGxhY2VzLlNlYXJjaFRleHQQAhgEIAA,4.8,46,OPERATIONAL,site_accueil,ChIJUxIcCVOeBgYR6xHfWY70ZS8,48.4239773,-4.6075034,a_contacter,2026-08-12
LES MAESTROS,immobilier@lesmaestros.com,07 72 50 21 92,"13 Rue de Nivern Bihan, 22300 Lannion",Perros-Guirec,https://www.lesmaestros.com/?utm_source=Google+&utm_medium=Fiche+etablissement&utm_id=Local+Business,https://maps.google.com/?cid=903321407183601840&g_mp=Cidnb29nbGUubWFwcy5wbGFjZXMudjEuUGxhY2VzLlNlYXJjaFRleHQQAhgEIAA,4.9,45,OPERATIONAL,site_accueil,ChIJ2zmia2wvEkgRsEAvqQg-iQw,48.768562599999996,-3.4470191,a_contacter,2026-08-12
Conciergerie hoomy - Pays Fouesnantais,happycontact@hoomy.fr,02 55 07 10 10,"79 Rte de Beg Meil, 29170 Fouesnant",Fouesnant,https://www.hoomy.fr/conciergeries/votre-conciergerie-a-fouesnant/,https://maps.google.com/?cid=6756770986233108620&g_mp=Cidnb29nbGUubWFwcy5wbGFjZXMudjEuUGxhY2VzLlNlYXJjaFRleHQQAhgEIAA,4.8,39,OPERATIONAL,site_accueil,ChIJTfp8iCHlOIURjBgXv2nfxF0,47.8781837,-4.000272799999999,a_contacter,2026-08-12
SELIPA CONCIERGERIE,contact@selipaconciergerie.com,06 35 56 24 85,"81 Mail François Mitterrand, 35000 Rennes",Rennes,https://selipaconciergerie.com/,https://maps.google.com/?cid=420785971826073862&g_mp=Cidnb29nbGUubWFwcy5wbGFjZXMudjEuUGxhY2VzLlNlYXJjaFRleHQQAhgEIAA,4.9,38,OPERATIONAL,page_contact,ChIJxcvC8SffDkgRBiEpqZzu1gU,48.108612,-1.692432,a_contacter,2026-08-12
La Conciergerie MM,hello@laconciergerie-mm.com,06 23 65 23 97,"70 Rue Saint-Hélier, 35000 Rennes",Rennes,https://laconciergerie-mm.com/,https://maps.google.com/?cid=6376298775668930729&g_mp=Cidnb29nbGUubWFwcy5wbGFjZXMudjEuUGxhY2VzLlNlYXJjaFRleHQQAhgEIAA,4.5,35,OPERATIONAL,site_accueil,ChIJXWN8FDbfDkgRqTiBEfQpfVg,48.106105,-1.6682076,a_contacter,2026-08-12
La Conciergerie de Rennes,info@conciergerie-rennes.fr,06 48 17 84 04,"3 Rue du Vau Saint-Germain, 35000 Rennes",Rennes,http://www.conciergerie-rennes.fr/,https://maps.google.com/?cid=3754265309211214884&g_mp=Cidnb29nbGUubWFwcy5wbGFjZXMudjEuUGxhY2VzLlNlYXJjaFRleHQQAhgEIAA,4.8,35,OPERATIONAL,site_accueil,ChIJyUmhb6bfDkgRJEQbZGjUGTQ,48.111073,-1.6773814,a_contacter,2026-08-12
JUSTUNTOIT - Conciergerie Airbnb Rennes,contact@justuntoit.fr,07 56 81 84 36,"118 Bd Villebois Mareuil, 35000 Rennes",Rennes,https://www.justuntoit.fr/,https://maps.google.com/?cid=17313173283701967625&g_mp=Cidnb29nbGUubWFwcy5wbGFjZXMudjEuUGxhY2VzLlNlYXJjaFRleHQQAhgEIAA,4.9,34,OPERATIONAL,site_accueil,ChIJnVpwZoDfDkgRCcvWVV-_RPA,48.1010262,-1.65005,a_contacter,2026-08-12
Conciergerie Check In - Rennes,contact@checkinconciergerie.com,02 59 51 01 15,"37 Quai de la Prévalaye, 35000 Rennes",Rennes,http://www.checkinconciergerie.com/,https://maps.google.com/?cid=7990058972544503266&g_mp=Cidnb29nbGUubWFwcy5wbGFjZXMudjEuUGxhY2VzLlNlYXJjaFRleHQQAhgEIAA,4.3,33,OPERATIONAL,site_accueil,ChIJyRLoxj7fDkgR4g3waE1k4m4,48.1080465,-1.6892806999999999,a_contacter,2026-08-12
La Conciergerie du Trégor,contact@laconciergeriedutregor.com,07 69 18 80 12,"69 Rue Anatole le Braz, 22700 Perros-Guirec",Perros-Guirec,http://www.laconciergeriedutregor.com/,https://maps.google.com/?cid=5050795279403061227&g_mp=Cidnb29nbGUubWFwcy5wbGFjZXMudjEuUGxhY2VzLlNlYXJjaFRleHQQAhgEIAA,4.6,32,OPERATIONAL,site_accueil,ChIJibUHGvXiyi4R6w8K3osHGEY,48.8077946,-3.4420666,a_contacter,2026-08-12
Key Cosy - conciergerie rennaise,laura.cumunel@hotmail.fr,06 98 84 81 75,"55 Bd de la Tour d'Auvergne, 35000 Rennes",Rennes,https://www.keycosy.fr/,https://maps.google.com/?cid=1441644210687149828&g_mp=Cidnb29nbGUubWFwcy5wbGFjZXMudjEuUGxhY2VzLlNlYXJjaFRleHQQAhgEIAA,4.9,32,OPERATIONAL,site_accueil,ChIJCbHh32XfDkgRBIeBfsW_ARQ,48.10353,-1.684137,a_contacter,2026-08-12
Marie Conciergerie,marie@marieconciergerie.com,06 22 47 03 87,"48b Rue de Saint-Médard, 35250 Saint-Aubin-d'Aubigné",Rennes,http://www.marieconciergerie.com/,https://maps.google.com/?cid=6710276215706154140&g_mp=Cidnb29nbGUubWFwcy5wbGFjZXMudjEuUGxhY2VzLlNlYXJjaFRleHQQAhgEIAA,5,31,OPERATIONAL,page_contact,ChIJJ7wbAhzFDkgRnPTqZaqwH10,48.2631239,-1.6098818,a_contacter,2026-08-12
CLG IMMOBILIER,contact@clg-immobilier.fr,02 98 57 26 79,"41 Rue Jean Charcot, 29950 Bénodet",Bénodet,http://www.clg-immobilier.fr/?utm_source=gmb,https://maps.google.com/?cid=7705254511098016261&g_mp=Cidnb29nbGUubWFwcy5wbGFjZXMudjEuUGxhY2VzLlNlYXJjaFRleHQQAhgEIAA,4.7,30,OPERATIONAL,page_contact,ChIJPecMdPbSEEgRBTL5VSeQ7mo,47.877659,-4.10719,a_contacter,2026-08-12
Conciergerie hoomy - Presqu'île de Rhuys,happycontact@hoomy.fr,02 55 07 10 10,"27 Rue du Général de Gaulle, 56370 Sarzeau",Auray,https://www.hoomy.fr/conciergeries/votre-conciergerie-sur-la-presqu-ile-de-rhuys/,https://maps.google.com/?cid=12360182057335813630&g_mp=Cidnb29nbGUubWFwcy5wbGFjZXMudjEuUGxhY2VzLlNlYXJjaFRleHQQAhgEIAA,3.4,29,OPERATIONAL,site_accueil,ChIJl5oMsc8DEEgR_nWoFhgwiKs,47.526254099999996,-2.7718724999999997,a_contacter,2026-08-12
Adely Services & Intendance,contact@adely.fr,02 98 70 60 65,"14 Rue Jean Charcot, 29950 Bénodet",Bénodet,http://www.adely.fr/,https://maps.google.com/?cid=67953407827248157&g_mp=Cidnb29nbGUubWFwcy5wbGFjZXMudjEuUGxhY2VzLlNlYXJjaFRleHQQAhgEIAA,4.8,28,OPERATIONAL,site_accueil,ChIJueQ0jfDSEEgRHQTSrkNr8QA,47.8766311,-4.1122165,a_contacter,2026-08-12
Alé Conciergerie,hello@aleconciergerie.com,06 18 06 87 27,"Quai d'Aiguillon, 29900 Concarneau",Concarneau,https://aleconciergerie.com/,https://maps.google.com/?cid=7507109062924277120&g_mp=Cidnb29nbGUubWFwcy5wbGFjZXMudjEuUGxhY2VzLlNlYXJjaFRleHQQAhgEIAA,4.9,28,OPERATIONAL,site_accueil,ChIJfTT8fG_bEEgRgJW3GeubLmg,47.873215300000005,-3.9175526,a_contacter,2026-08-12
EV'Conciergerie,ev.conciergerie@gmail.com,06 21 67 05 28,"98 Bd de la Résistance, 56000 Vannes",Vannes,https://ev-conciergerie.fr/,https://maps.google.com/?cid=15586521647113062809&g_mp=Cidnb29nbGUubWFwcy5wbGFjZXMudjEuUGxhY2VzLlNlYXJjaFRleHQQAhgEIAA,4.9,28,OPERATIONAL,site_accueil,ChIJr9rCRekfEEgRmUkcbNtyTtg,47.6424964,-2.7770104000000004,a_contacter,2026-08-12
Breizh key conciergerie & Consigne bagage,contact@mysite.com,07 44 15 89 38,"60 Bd Cosmao Dumanoir, 56100 Lorient",Lorient,https://www.breizhkey.com/,https://maps.google.com/?cid=16781826800967886215&g_mp=Cidnb29nbGUubWFwcy5wbGFjZXMudjEuUGxhY2VzLlNlYXJjaFRleHQQAhgEIAA,4.4,27,OPERATIONAL,site_accueil,ChIJgfpf6XdfEEgRhyXSwY8G5eg,47.7538159,-3.3676475999999997,a_contacter,2026-08-12
Conciergerie M'Cosy avec Welcome Host,contact@welcomehost.fr,06 63 28 47 68,"Rte du Porho, 56250 Saint-Nolff",Vannes,https://www.welcomehost.fr/conciergerie-airbnb-morbihan/,https://maps.google.com/?cid=8563701288074119619&g_mp=Cidnb29nbGUubWFwcy5wbGFjZXMudjEuUGxhY2VzLlNlYXJjaFRleHQQAhgEIAA,5,27,OPERATIONAL,page_contact,ChIJtdXvjIMtl2gRw4k29vJg2HY,47.6757129,-2.7022622999999997,a_contacter,2026-08-12
GM CONCIERGERIE & CO.,contact@gmconciergerie.com,06 62 64 80 52,"34 Rue Frédéric le Guyader, 35200 Rennes",Rennes,https://gmconciergerie.com/,https://maps.google.com/?cid=15999280239103279924&g_mp=Cidnb29nbGUubWFwcy5wbGFjZXMudjEuUGxhY2VzLlNlYXJjaFRleHQQAhgEIAA,5,26,OPERATIONAL,page_contact,ChIJG3XNG5rhDkgRNIOtEZzcCN4,48.0864076,-1.698675,a_contacter,2026-08-12
Conciergerie MA MAISON DE VACANCES,contact@mamaisondevacances.com,06 58 62 85 85,"1509 Roz ar C'had, 29140 Melgven",Concarneau,https://mamaisondevacances.com/,https://maps.google.com/?cid=391264430546545170&g_mp=Cidnb29nbGUubWFwcy5wbGFjZXMudjEuUGxhY2VzLlNlYXJjaFRleHQQAhgEIAA,5,25,OPERATIONAL,site_accueil,ChIJpxepMtDbEEgREur4M-0MbgU,47.897295899999996,-3.8087113,a_contacter,2026-08-12
Fanny Lechatellier Conciergerie La Passe Aux Moutons,lapasseauxmoutons@gmail.com,06 22 73 80 42,"All. du Grand Large, 29670 Locquénolé",Morlaix,http://www.lapasseauxmoutons.fr/,https://maps.google.com/?cid=12083177710295770930&g_mp=Cidnb29nbGUubWFwcy5wbGFjZXMudjEuUGxhY2VzLlNlYXJjaFRleHQQAhgEIAA,5,24,OPERATIONAL,site_accueil,ChIJVemyz7JhEUgRMucYrBsSsKc,48.6261958,-3.8709055,a_contacter,2026-08-12
la bretonnerie conciergerie,labretonnerie.conciergerie@gmail.com,06 50 71 58 35,"Rue des Elfes, 35800 Dinard",Dinard,https://www.labretonnerie-conciergerie.fr/,https://maps.google.com/?cid=10985679174491025851&g_mp=Cidnb29nbGUubWFwcy5wbGFjZXMudjEuUGxhY2VzLlNlYXJjaFRleHQQAhgEIAA,4.9,22,OPERATIONAL,site_accueil,ChIJS2_uetOHDkgRu7HxKwH5dJg,48.6203327,-2.0598020999999997,a_contacter,2026-08-12
L' Echappée Breizh Conciergerie,contact@lechappeebreizh.com,06 99 34 34 95,"3 Rue Lue Vras, 29900 Concarneau",Concarneau,https://lechappeebreizh.com/,https://maps.google.com/?cid=17122028354180941159&g_mp=Cidnb29nbGUubWFwcy5wbGFjZXMudjEuUGxhY2VzLlNlYXJjaFRleHQQAhgEIAA,5,19,OPERATIONAL,site_accueil,ChIJFz0ElKrDI00RZwUfXRKqne0,47.885514799999996,-3.9386868,a_contacter,2026-08-12
Cocoonr Dinard Côte d'Emeraude - Agence de Conciergerie et location,contact@cocoonr.fr,09 70 70 08 59,"2 bis Bd Féart, 35800 Dinard",Dinard,https://cocoonr.fr/location-court-sejour/agence/dinard-cote-demeraude/?arrival=&departure=&nb_persons=1,https://maps.google.com/?cid=6360566035851386147&g_mp=Cidnb29nbGUubWFwcy5wbGFjZXMudjEuUGxhY2VzLlNlYXJjaFRleHQQAhgEIAA,4.7,19,OPERATIONAL,page_contact,ChIJEdXFAKmBDkgRIx1WIRxFRVg,48.634152099999994,-2.0548528,a_contacter,2026-08-12
Ma Conciergerie Sérénité,maconciergerieserenite@gmail.com,06 58 23 04 68,"Rue Dauphine, 35400 Saint-Malo",Saint-Malo,https://www.maconciergerieserenite.com/,https://maps.google.com/?cid=17624940568018528505&g_mp=Cidnb29nbGUubWFwcy5wbGFjZXMudjEuUGxhY2VzLlNlYXJjaFRleHQQAhgEIAA,4.9,18,OPERATIONAL,page_contact,ChIJM7zVNlCBDkgR-agd0BBemPQ,48.6392799,-2.0185324,a_contacter,2026-08-12
"Atout Services & Les Clefs de Rhuys (Services pour Particuliers, Propriétaires , Professionnels)",atout_services@outlook.fr,06 77 38 60 68,"Roche Blanche, 56370 Sarzeau",Sarzeau,https://www.atout-services-sarzeau.fr/?utm_medium=referral&utm_source=gmb&utm_campaign=lnk-gmb,https://maps.google.com/?cid=7194970692291049139&g_mp=Cidnb29nbGUubWFwcy5wbGFjZXMudjEuUGxhY2VzLlNlYXJjaFRleHQQAhgEIAA,4.5,18,OPERATIONAL,site_accueil,ChIJx-OmjngDEEgRs7ZaW7mr2WM,47.5266874,-2.7596818,a_contacter,2026-08-12
Autrimo - Conciergerie Meublé de Tourisme - Paimpol,contact@autrimo.fr,07 44 97 86 59,"64 bis Av. du Général de Gaulle, 22500 Paimpol",Paimpol,http://www.autrimo.fr/,https://maps.google.com/?cid=12372216132286414578&g_mp=Cidnb29nbGUubWFwcy5wbGFjZXMudjEuUGxhY2VzLlNlYXJjaFRleHQQAhgEIAA,4.9,17,OPERATIONAL,site_accueil,ChIJdYlP7V0bEkgR8v5JgQXxsqs,48.7763523,-3.0489710999999997,a_contacter,2026-08-12
BreizhCoast Conciergerie Airbnb & Booking - Finistère,bzh.conciergerie@gmail.com,07 78 57 52 02,"1 Allée Jacques DEMY, 29000 Quimper",Perros-Guirec,https://breizhcoast-conciergerie.fr/,https://maps.google.com/?cid=16569489495006662315&g_mp=Cidnb29nbGUubWFwcy5wbGFjZXMudjEuUGxhY2VzLlNlYXJjaFRleHQQAhgEIAA,4.8,17,OPERATIONAL,site_accueil,ChIJZeVky6yXMEERq05wI-im8uU,47.9963152,-4.1190885999999995,a_contacter,2026-08-12
Cocoonr Carnac - La Trinité-sur-Mer - Agence de Conciergerie et Location,contact@cocoonr.fr,09 70 70 08 59,"20 ZA Mané Lenn, 56950, 56950 Crach",Carnac,https://cocoonr.fr/location-court-sejour/agence/carnac-la-trinite-sur-mer/?arrival=&departure=&nb_persons=1,https://maps.google.com/?cid=7369479415519614450&g_mp=Cidnb29nbGUubWFwcy5wbGFjZXMudjEuUGxhY2VzLlNlYXJjaFRleHQQAhgEIAA,4.8,16,OPERATIONAL,page_contact,ChIJJboWMx4TEEgR8pWZtXumRWY,47.6056939,-2.9949787999999997,a_contacter,2026-08-12
Conciergerie de Quimper Bretagne Occidentale,contact@quimper.bzh,02 98 98 71 77,"7 Rue du Guéodet, 29000 Quimper",Quimper,http://www.quimper-bretagne-occidentale.bzh/,https://maps.google.com/?cid=13711423414422550908&g_mp=Cidnb29nbGUubWFwcy5wbGFjZXMudjEuUGxhY2VzLlNlYXJjaFRleHQQAhgEIAA,4.9,16,OPERATIONAL,site_accueil,ChIJb7a0t8_VEEgRfDmh_fLCSL4,47.996191800000005,-4.1035727,a_contacter,2026-08-12
K.CONCIERGERIE RENNES,jacques@martin.com,06 60 22 09 17,"11 Rte de Montgerval, 35520 La Mézière",Rennes,https://www.k-conciergerie.fr/,https://maps.google.com/?cid=6049049321606576709&g_mp=Cidnb29nbGUubWFwcy5wbGFjZXMudjEuUGxhY2VzLlNlYXJjaFRleHQQAhgEIAA,4.8,16,OPERATIONAL,page_contact,ChIJlzYFyo_nDkgRRXotC0-K8lM,48.199928899999996,-1.7337209999999998,a_contacter,2026-08-12
K.CONCIERGERIE ST-BRIEUC,jacques@martin.com,06 60 22 09 17,"12 Rue du Point du Jour, 22590 Pordic",Saint-Brieuc,https://k-conciergerie.fr/,https://maps.google.com/?cid=16720220261769072844&g_mp=Cidnb29nbGUubWFwcy5wbGFjZXMudjEuUGxhY2VzLlNlYXJjaFRleHQQAhgEIAA,4.7,15,OPERATIONAL,page_contact,ChIJt4IBTQAdDkgRzNAIlb0nCug,48.555716499999996,-2.8070405,a_contacter,2026-08-12
Conciergerie Les Chaleureux,contact@leschaleureux.fr,06 10 79 25 16,"Rue de Verdun, 29160 Crozon",Brest,https://leschaleureux.fr/,https://maps.google.com/?cid=15693298147277167044&g_mp=Cidnb29nbGUubWFwcy5wbGFjZXMudjEuUGxhY2VzLlNlYXJjaFRleHQQAhgEIAA,5,14,OPERATIONAL,site_accueil,ChIJF6dmeS7BFkgRxFnAroTLydk,48.2465366,-4.486964599999999,a_contacter,2026-08-12
Breizh Home Conciergerie,breizhhomeconciergerie@outlook.fr,06 27 95 42 05,"Chem. du Heurtault, 22680 Binic-Étables-sur-Mer",Saint-Brieuc,http://www.breizhhomeconciergerie.fr/,https://maps.google.com/?cid=16261673888304389784&g_mp=Cidnb29nbGUubWFwcy5wbGFjZXMudjEuUGxhY2VzLlNlYXJjaFRleHQQAhgEIAA,5,14,OPERATIONAL,site_accueil,ChIJ24d9Gd8OyCoRmN6gTT4SreE,48.617968999999995,-2.8253881,a_contacter,2026-08-12
Conciergerie Maison Magnifique,contact@maisonmagnifique.fr,02 97 31 88 63,"Kerivaud, 56740 Locmariaquer",Auray,https://www.maisonmagnifique.fr/,https://maps.google.com/?cid=673821552116958840&g_mp=Cidnb29nbGUubWFwcy5wbGFjZXMudjEuUGxhY2VzLlNlYXJjaFRleHQQAhgEIAA,5,13,OPERATIONAL,site_accueil,ChIJAeJ0PQllE6UReAbvryHlWQk,47.5750576,-2.9510451,a_contacter,2026-08-12
L'Eaurizon Conciergerie,https://www.leaurizon.fr/contact/,06 29 84 27 17,"Ménez Crenn, 29810 Plouarzel",Brest,https://www.leaurizon.fr/,https://maps.google.com/?cid=16605845899797437254&g_mp=Cidnb29nbGUubWFwcy5wbGFjZXMudjEuUGxhY2VzLlNlYXJjaFRleHQQAhgEIAA,5,13,OPERATIONAL,site_accueil,ChIJi3w0432XFkgRRptNRN3Qc-Y,48.432603199999996,-4.7160025999999995,a_contacter,2026-08-12
Heol Conciergerie,heol.conciergerie@yahoo.com,06 59 13 56 14,29140 Melgven,Concarneau,https://stephaniefaoucher.wixsite.com/heol-conciergerie,https://maps.google.com/?cid=9623964193423934297&g_mp=Cidnb29nbGUubWFwcy5wbGFjZXMudjEuUGxhY2VzLlNlYXJjaFRleHQQAhgEIAA,5,13,OPERATIONAL,site_accueil,ChIJ0-3o-QJZ4QURWcMcqHEwj4U,47.888342099999996,-3.8190945000000003,a_contacter,2026-08-12
Madame est Servie - Conciergerie,cg.madameestservie@gmail.com,06 45 09 28 76,"Rte du Grannec, 22730 Trégastel",Perros-Guirec,https://www.madame-est-servie.com/,https://maps.google.com/?cid=13419835699555656988&g_mp=Cidnb29nbGUubWFwcy5wbGFjZXMudjEuUGxhY2VzLlNlYXJjaFRleHQQAhgEIAA,4.7,13,OPERATIONAL,site_accueil,ChIJSYmCyPEYB0cRHOUeqHfVPLo,48.817881,-3.5260559999999996,a_contacter,2026-08-12
Conciergerie Check In Saint Malo - Cancale,contact@checkinconciergerie.com,02 59 51 01 15,"10 Rue de la Maison Neuve, 35400 Saint-Malo",Saint-Malo,https://checkinconciergerie.com/conciergerie-saint-malo/,https://maps.google.com/?cid=9133333478121928950&g_mp=Cidnb29nbGUubWFwcy5wbGFjZXMudjEuUGxhY2VzLlNlYXJjaFRleHQQAhgEIAA,4.9,13,OPERATIONAL,site_accueil,ChIJv6XzvK2DDkgR9vijamgewH4,48.624854,-1.9844996000000001,a_contacter,2026-08-12
Boris Kermarrec - Conciergerie Intendance maison secondaire,hello@altea-homes.com,06 51 45 09 92,"8 Rue des Ajoncs, 29630 Plougasnou",Morlaix,https://www.leggettpm.com/fr/property-manager/boris-kermarrec/,https://maps.google.com/?cid=16167502090768138553&g_mp=Cidnb29nbGUubWFwcy5wbGFjZXMudjEuUGxhY2VzLlNlYXJjaFRleHQQAhgEIAA,4.8,12,OPERATIONAL,site_accueil,ChIJAQ_2wLrfE0gROcGeEX6BXuA,48.7045459,-3.8320727999999993,a_contacter,2026-08-12
Gward Conciergerie - Vannes & Golfe du Morbihan,gward.conciergerie@gmail.com,06 33 46 79 83,"5 Rue de Bernus, 56000 Vannes",Auray,https://gward-conciergerie.fr/,https://maps.google.com/?cid=16695611342518304415&g_mp=Cidnb29nbGUubWFwcy5wbGFjZXMudjEuUGxhY2VzLlNlYXJjaFRleHQQAhgEIAA,5,11,OPERATIONAL,site_accueil,ChIJU2nHK31NSmQRnz7JEg-6suc,47.6552131,-2.7671061999999997,a_contacter,2026-08-12
L’AGENCE 1907 | Conciergerie | Agence immobilière,contact@lagence1907.com,06 48 91 48 35,"8 Rue Dumont, 35800 Dinard",Dinard,https://lagence1907.com/,https://maps.google.com/?cid=10100481642338030565&g_mp=Cidnb29nbGUubWFwcy5wbGFjZXMudjEuUGxhY2VzLlNlYXJjaFRleHQQAhgEIAA,5,11,OPERATIONAL,site_accueil,ChIJB-YchmEzbwYR5ZPp_4keLIw,48.631890299999995,-2.0548815,a_contacter,2026-08-12
L'investisseur Rennais - Conciergerie Rennes,linvestisseurennais@gmail.com,06 85 06 95 43,"22 Rue du Puits Jacob, 35000 Rennes",Rennes,https://www.linvestisseur-rennais.fr/,https://maps.google.com/?cid=4177734338572014050&g_mp=Cidnb29nbGUubWFwcy5wbGFjZXMudjEuUGxhY2VzLlNlYXJjaFRleHQQAhgEIAA,5,11,OPERATIONAL,site_accueil,ChIJGQm5fpLfDkgR4lGJED9L-jk,48.097752,-1.6864686,a_contacter,2026-08-12
LNH CONCIERGERIE,contact@lnh-conciergerie.com,06 95 29 59 25,"20 Av. de Tarente, 29200 Brest",Brest,http://www.lnh-conciergerie.com/,https://maps.google.com/?cid=11908763924350150396&g_mp=Cidnb29nbGUubWFwcy5wbGFjZXMudjEuUGxhY2VzLlNlYXJjaFRleHQQAhgEIAA,5,10,OPERATIONAL,site_accueil,ChIJgwV0beCy7wAR_KbgoLFtRKU,48.404067999999995,-4.509742999999999,a_contacter,2026-08-12
Conciergerie Check In - Dinard,contact@checkinconciergerie.com,02 59 51 01 15,"21 Rue de Saint-Enogat, 35800 Dinard",Dinard,https://checkinconciergerie.com/conciergerie-dinard/,https://maps.google.com/?cid=15675237254754162602&g_mp=Cidnb29nbGUubWFwcy5wbGFjZXMudjEuUGxhY2VzLlNlYXJjaFRleHQQAhgEIAA,4.6,10,OPERATIONAL,site_accueil,ChIJZ4GP88FvM2ERqleXczuhidk,48.6340261,-2.0590421,a_contacter,2026-08-12
"Concierge BB, expert de la conciergerie Airbnb !",demande@conciergebb.fr,07 59 79 05 34,"13 Rue Jules Simon, 29160 Crozon",Fouesnant,https://www.conciergebb.fr/pages/conciergerie-crozon-gestion-locale-sur-mesure-de-votre-airbnb,https://maps.google.com/?cid=2083008477276168635&g_mp=Cidnb29nbGUubWFwcy5wbGFjZXMudjEuUGxhY2VzLlNlYXJjaFRleHQQAhgEIAA,4.6,9,OPERATIONAL,site_accueil,ChIJa4lBpQ3BFkgRu2EsgCxV6Bw,48.2462521,-4.4877576999999995,a_contacter,2026-08-12
La conciergerie,contact@laconciergerie.org,02 98 82 87 70,"1 Rue Haroun Tazieff, 29000 Quimper",Quimper,http://www.laconciergerie.org/,https://maps.google.com/?cid=5496067934987378315&g_mp=Cidnb29nbGUubWFwcy5wbGFjZXMudjEuUGxhY2VzLlNlYXJjaFRleHQQAhgEIAA,4.2,9,OPERATIONAL,site_accueil,ChIJYYRPtLLXEEgRi15W3qr0RUw,47.9853908,-4.0274825,a_contacter,2026-08-12
Nooma &Co - Conciergerie Airbnb à Rennes,hello@nooma.fr,06 75 62 24 81,"8 Rue du Sapeur Michel Jouan, 35000 Rennes",Rennes,https://nooma.fr/,https://maps.google.com/?cid=2484523699668714617&g_mp=Cidnb29nbGUubWFwcy5wbGFjZXMudjEuUGxhY2VzLlNlYXJjaFRleHQQAhgEIAA,5,9,OPERATIONAL,site_accueil,ChIJvzonAhbfDkgReQTLKiTNeiI,48.1068109,-1.6907520999999999,a_contacter,2026-08-12
La Conciergerie de Bretagne,laconciergeriedebretagne@gmail.com,06 07 30 94 65,"84 Rue Dr Lavergne, 22400 Lamballe-Armor",Saint-Brieuc,https://www.laconciergeriedebretagne.fr/,https://maps.google.com/?cid=1177291172774346472&g_mp=Cidnb29nbGUubWFwcy5wbGFjZXMudjEuUGxhY2VzLlNlYXJjaFRleHQQAhgEIAA,5,9,OPERATIONAL,site_accueil,ChIJCwEJp28RDkgR6P5qhhWUVhA,48.4660617,-2.5257687,a_contacter,2026-08-12
Conciergerie Vannes : Domesia,knjlocation@gmail.com,07 61 76 50 81,"21 Rue du Port, 56000 Vannes",Vannes,https://www.domesia-conciergerie.fr/,https://maps.google.com/?cid=17427606799320818979&g_mp=Cidnb29nbGUubWFwcy5wbGFjZXMudjEuUGxhY2VzLlNlYXJjaFRleHQQAhgEIAA,5,9,OPERATIONAL,site_accueil,ChIJH6oeLkIfEEgRIyWzbgxM2_E,47.653790699999995,-2.7592414,a_contacter,2026-08-12
Need'Air Conciergerie,direction@need-air.com,06 13 47 85 60,"140 Rue Anita Conti, 29200 Brest",Brest,http://www.need-air.com/,https://maps.google.com/?cid=6872251176019904442&g_mp=Cidnb29nbGUubWFwcy5wbGFjZXMudjEuUGxhY2VzLlNlYXJjaFRleHQQAhgEIAA,5,8,OPERATIONAL,site_accueil,ChIJI3-yl-m7FkgRukftqQgkX18,48.4206011,-4.5076255,a_contacter,2026-08-12
Free d'Home Conciergerie BnB,contact@freedhome-bnb.fr,07 78 19 05 62,"32 Rue Brémond d'Ars, 29300 Quimperlé",Fouesnant,https://freedhome-bnb.fr/,https://maps.google.com/?cid=1010866149220458319&g_mp=Cidnb29nbGUubWFwcy5wbGFjZXMudjEuUGxhY2VzLlNlYXJjaFRleHQQAhgEIAA,5,8,OPERATIONAL,site_accueil,ChIJiyN5RFL7EEgRT5_AK2hRBw4,47.874233000000004,-3.5454691,a_contacter,2026-08-12
Conciergerie Kledia,maxime@kledia.fr,06 85 97 75 56,"3 Rue Saint-Yves, 22260 Pontrieux",Paimpol,https://www.kledia.fr/,https://maps.google.com/?cid=647091485292509261&g_mp=Cidnb29nbGUubWFwcy5wbGFjZXMudjEuUGxhY2VzLlNlYXJjaFRleHQQAhgEIAA,5,8,OPERATIONAL,page_contact,ChIJ4aIPdIgfEkgRTTgKBkfu-gg,48.6972883,-3.1610416999999997,a_contacter,2026-08-12
Conciergerie Check In - Vannes,contact@checkinconciergerie.com,02 59 51 01 15,"1 Rue Anita Conti, 56000 Vannes",Vannes,https://checkinconciergerie.com/,https://maps.google.com/?cid=2394396046091323398&g_mp=Cidnb29nbGUubWFwcy5wbGFjZXMudjEuUGxhY2VzLlNlYXJjaFRleHQQAhgEIAA,4.5,8,OPERATIONAL,site_accueil,ChIJr9qXjb4fEEgRBojfkoSaOiE,47.6676578,-2.7840764,a_contacter,2026-08-12
"Concierge BB, expert de la location courte durée Airbnb",demande@conciergebb.fr,07 59 79 05 34,"11 Rue de l'Hôpital, 29100 Douarnenez",Fouesnant,https://www.conciergebb.fr/pages/conciergerie-douarnenez-gestion-intendance-airbnb-sur-mesure,https://maps.google.com/?cid=4913992927179824778&g_mp=Cidnb29nbGUubWFwcy5wbGFjZXMudjEuUGxhY2VzLlNlYXJjaFRleHQQAhgEIAA,5,7,OPERATIONAL,site_accueil,ChIJn8P6LxbRFkgRit5VJYgCMkQ,48.092299999999994,-4.3260309999999995,a_contacter,2026-08-12
CONCIERGERIE DE L'ILE AUX MOINES,contact@iamconciergerie.fr,07 68 40 22 35,"Kerscot, 56780 Île-aux-Moines",La Trinité-sur-Mer,https://www.iamconciergerie.fr/,https://maps.google.com/?cid=15745001084876698496&g_mp=Cidnb29nbGUubWFwcy5wbGFjZXMudjEuUGxhY2VzLlNlYXJjaFRleHQQAhgEIAA,5,7,OPERATIONAL,site_accueil,ChIJbdOzKXYbEEgRgDM37BB7gdo,47.592408000000006,-2.850298,a_contacter,2026-08-12
La Conciergerie de la Presqu'île,laconciergeriedlp@yahoo.com,07 69 56 97 36,"2 Rue de l'Armor, 56680 Gâvres",Lorient,http://conciergerie-de-la-presquile-gavres.fr/,https://maps.google.com/?cid=7464241445500104150&g_mp=Cidnb29nbGUubWFwcy5wbGFjZXMudjEuUGxhY2VzLlNlYXJjaFRleHQQAhgEIAA,5,7,OPERATIONAL,site_accueil,ChIJg76pJ0phEEgR1i3IJAxQlmc,47.691649399999996,-3.3578913,a_contacter,2026-08-12
La Conciergerie AcSoMur,contact@nov-ita.fr,09 73 88 28 78,"7 Rue Marie Laurencin, 56000 Vannes",Vannes,https://www.acsomur.fr/,https://maps.google.com/?cid=4014149619654769579&g_mp=Cidnb29nbGUubWFwcy5wbGFjZXMudjEuUGxhY2VzLlNlYXJjaFRleHQQAhgEIAA,3.9,7,OPERATIONAL,page_contact,ChIJ466LeBUfEEgRq7vKqs8ftTc,47.673929699999995,-2.7671715999999997,a_contacter,2026-08-12
Conciergerie Marine,contact@conciergeriemarine.com,07 88 76 07 99,"30 Scarpoche, 56740 Locmariaquer",Auray,https://www.conciergerie-marine.fr/,https://maps.google.com/?cid=13875179328542965782&g_mp=Cidnb29nbGUubWFwcy5wbGFjZXMudjEuUGxhY2VzLlNlYXJjaFRleHQQAhgEIAA,5,6,OPERATIONAL,site_accueil,ChIJh4YSR_9HQSwRFoCl4BWKjsA,47.583374,-2.966355,a_contacter,2026-08-12
Conciergerie hoomy - Vannes - Golfe du Morbihan - Baie de Quiberon,happycontact@hoomy.fr,02 55 07 10 10,"3 Rue des Artisans, 56870 Baden",Auray,https://www.hoomy.fr/conciergeries/votre-conciergerie-a-vannes/,https://maps.google.com/?cid=17860650740309104955&g_mp=Cidnb29nbGUubWFwcy5wbGFjZXMudjEuUGxhY2VzLlNlYXJjaFRleHQQAhgEIAA,5,6,OPERATIONAL,site_accueil,ChIJJ6MvupWCaysROxlx8TfH3fc,47.621659799999996,-2.9055614,a_contacter,2026-08-12
Pause Marine,contact@pause-marine.com,07 49 68 01 40,"6 Rue Winston Churchill, 35800 Dinard",Dinard,https://www.pausemarine.com/,https://maps.google.com/?cid=13702656762883144280&g_mp=Cidnb29nbGUubWFwcy5wbGFjZXMudjEuUGxhY2VzLlNlYXJjaFRleHQQAhgEIAA,4.8,6,OPERATIONAL,page_contact,ChIJu4IwE2yBDkgRWPrA3rmdKb4,48.634861699999995,-2.0529463999999997,a_contacter,2026-08-12
Jérémy Gélébart ALB Conciergerie - Brest,contact@albconciergerie.fr,06 01 15 18 57,"2 bis Rue Branly, 29480 Le Relecq-Kerhuon",Brest,https://albconciergerie.fr/,https://maps.google.com/?cid=10155914209771911954&g_mp=Cidnb29nbGUubWFwcy5wbGFjZXMudjEuUGxhY2VzLlNlYXJjaFRleHQQAhgEIAA,5,5,OPERATIONAL,page_contact,ChIJT1sLSLU5o40REvvLWioO8Yw,48.395736299999996,-4.4098926,a_contacter,2026-08-12
Kastell Breizh Conciergerie,contact@kastellbreizh.fr,06 51 26 50 93,"Lieu Dit LE REST, 22200 Pommerit-le-Vicomte",Guingamp,https://www.kastellbreizh.fr/accueil,https://maps.google.com/?cid=2766906035567971447&g_mp=Cidnb29nbGUubWFwcy5wbGFjZXMudjEuUGxhY2VzLlNlYXJjaFRleHQQAhgEIAA,5,5,OPERATIONAL,site_accueil,ChIJhb9FvFjzEUgRd8zpMGEGZiY,48.594867300000004,-3.1155923,a_contacter,2026-08-12
LE GUILLOUZER IMMOBILIER CONCIERGERIE,contact@leguillouzer.com,02 96 35 04 39,"19 Pl. de l'Hôtel de ville, 22700 Perros-Guirec",Perros-Guirec,https://www.leguillouzer-conciergerie.com/,https://maps.google.com/?cid=1755351946086079503&g_mp=Cidnb29nbGUubWFwcy5wbGFjZXMudjEuUGxhY2VzLlNlYXJjaFRleHQQAhgEIAA,4.4,5,OPERATIONAL,page_contact,ChIJb8uh9w4uEkgRD1xAcktDXBg,48.8153936,-3.4456351,a_contacter,2026-08-12
Conciergerie by Mel,contact@conciergeriebymel.fr,06 67 90 67 34,"6B Rue du Bas Village, 35510 Cesson-Sévigné",Rennes,https://www.conciergeriebymel.fr/,https://maps.google.com/?cid=382317908551647059&g_mp=Cidnb29nbGUubWFwcy5wbGFjZXMudjEuUGxhY2VzLlNlYXJjaFRleHQQAhgEIAA,4.8,5,OPERATIONAL,site_accueil,ChIJLQgUDfteZ0gRU799uhxETgU,48.103853,-1.629052,a_contacter,2026-08-12
Conciergerie Saint Brieuc / Gestion Location Courte Durée Airbnb,infos@boucherie-saintbrieuc.fr,07 56 93 97 00,"48 Av. Louis Loucheur, 22000 Saint-Brieuc",Saint-Brieuc,https://conciergerie-saintbrieuc.fr/,https://maps.google.com/?cid=18236274361765688612&g_mp=Cidnb29nbGUubWFwcy5wbGFjZXMudjEuUGxhY2VzLlNlYXJjaFRleHQQAhgEIAA,5,5,OPERATIONAL,site_accueil,ChIJMesovVAdDkgRJHWbf-lCFP0,48.516374899999995,-2.7359087,a_contacter,2026-08-12
LS CONCIERGERIE PRIVEE VANNES ET LES ILES,contact@ls-conciergerieprivee.com,06 40 05 13 88,"9 Pl. de la Poissonnerie, 56000 Vannes",Vannes,https://ls-conciergerieprivee.com/,https://maps.google.com/?cid=2022079836553137494&g_mp=Cidnb29nbGUubWFwcy5wbGFjZXMudjEuUGxhY2VzLlNlYXJjaFRleHQQAhgEIAA,5,5,OPERATIONAL,site_accueil,ChIJwY9yTYofEEgRVs063eXeDxw,47.654739899999996,-2.7586627000000004,a_contacter,2026-08-12
Location Concept / Location de boîtes à clés pour Airbnb,contact@location-concept.fr,06 38 80 87 34,"24 Rue Hoche, 56000 Vannes",Vannes,http://www.conciergerie-lc.fr/,https://maps.google.com/?cid=8453215034186447313&g_mp=Cidnb29nbGUubWFwcy5wbGFjZXMudjEuUGxhY2VzLlNlYXJjaFRleHQQAhgEIAA,4.2,5,OPERATIONAL,site_accueil,ChIJY9zjtqsfEEgR0bmsWknaT3U,47.6588382,-2.7623143999999997,a_contacter,2026-08-12
"Concierge BB, service de conciergerie Airbnb à Plouguerneau",demande@conciergebb.fr,07 59 79 05 34,"Spins, 29880 Plouguerneau",Fouesnant,https://www.conciergebb.fr/pages/conciergerie-plouguerneau-gestion-airbnb-location-saisonniere,https://maps.google.com/?cid=3122994988937479108&g_mp=Cidnb29nbGUubWFwcy5wbGFjZXMudjEuUGxhY2VzLlNlYXJjaFRleHQQAhgEIAA,5,4,OPERATIONAL,site_accueil,ChIJnSAROySnFkgRxIPxZmUbVys,48.6286795,-4.537120100000001,a_contacter,2026-08-12
Conciergerie Ploulec’hoise,contact@conciergerie-lannion-tregor.fr,06 74 82 22 78,"8 Rue de la Mairie, 22300 Ploulec'h",Perros-Guirec,https://conciergerie-lannion-tregor.fr/,https://maps.google.com/?cid=14197500185825198440&g_mp=Cidnb29nbGUubWFwcy5wbGFjZXMudjEuUGxhY2VzLlNlYXJjaFRleHQQAhgEIAA,5,4,OPERATIONAL,site_accueil,ChIJTeA5qdArEkgRaEGnijKnB8U,48.7181393,-3.5024237,a_contacter,2026-08-12
Le Bercail Conciergerie,contact@lebercailconciergerie.fr,06 86 54 50 43,"31 Le Bourg, 29170 Pleuven",Bénodet,https://www.lebercailconciergerie.fr/,https://maps.google.com/?cid=3158008180764024282&g_mp=Cidnb29nbGUubWFwcy5wbGFjZXMudjEuUGxhY2VzLlNlYXJjaFRleHQQAhgEIAA,5,3,OPERATIONAL,site_accueil,ChIJIz7r08OkZwUR2p03ZLV_0ys,47.907412099999995,-4.0439011,a_contacter,2026-08-12
ar moor conciergerie,ar.moor.conciergerie@gmail.com,06 86 37 75 61,"Hent ar Moor, 29950 Gouesnach",Bénodet,https://armoor-conciergerie.fr/,https://maps.google.com/?cid=9155197920230718311&g_mp=Cidnb29nbGUubWFwcy5wbGFjZXMudjEuUGxhY2VzLlNlYXJjaFRleHQQAhgEIAA,5,3,OPERATIONAL,site_accueil,ChIJK2WtGCnTEEgRZzu_iwDMDX8,47.9024048,-4.1081091,a_contacter,2026-08-12
MORBIHAN CONCIERGERIE,contact@morbihanconciergerie.fr,02 97 68 06 28,"10 Rue André Ampère, 56400 Pluneret",Carnac,http://www.morbihanconciergerie.fr/,https://maps.google.com/?cid=6798591087099778746&g_mp=Cidnb29nbGUubWFwcy5wbGFjZXMudjEuUGxhY2VzLlNlYXJjaFRleHQQAhgEIAA,4,3,OPERATIONAL,site_accueil,ChIJX8zFUwMdEEgRuha4v5JyWV4,47.6698516,-2.9601181,a_contacter,2026-08-12
Justuntoit Conciergerie,contact@justuntoit.fr,07 56 81 84 36,"16 Rue des Lauriers, 29900 Concarneau",Concarneau,https://www.justuntoit.fr/,https://maps.google.com/?cid=5076342882161643745&g_mp=Cidnb29nbGUubWFwcy5wbGFjZXMudjEuUGxhY2VzLlNlYXJjaFRleHQQAhgEIAA,5,3,OPERATIONAL,site_accueil,ChIJXeZ1AwDbEEgR4dBTqfTKckY,47.885879599999996,-3.9171187,a_contacter,2026-08-12
"Concierge BB, service de conciergerie Airbnb Le Conquet",demande@conciergebb.fr,07 59 79 05 34,"15 Rue de Kerandiou, 29217 Le Conquet",Fouesnant,https://www.conciergebb.fr/pages/conciergerie-airbnb-le-conquet-gestion-de-location-saisonniere,https://maps.google.com/?cid=15954418612499524812&g_mp=Cidnb29nbGUubWFwcy5wbGFjZXMudjEuUGxhY2VzLlNlYXJjaFRleHQQAhgEIAA,5,3,OPERATIONAL,site_accueil,ChIJjdKemhaTFkgRzCzqqzJ7ad0,48.3567681,-4.7585412,a_contacter,2026-08-12
GB Conciergerie,marie.dupont@email.com,07 56 81 26 80,"16 Rte de Beg Meil, 29170 Fouesnant",Fouesnant,https://glennbeaudet.fr/conciergerie,https://maps.google.com/?cid=14490497412309701516&g_mp=Cidnb29nbGUubWFwcy5wbGFjZXMudjEuUGxhY2VzLlNlYXJjaFRleHQQAhgEIAA,5,3,OPERATIONAL,site_accueil,ChIJ0bKxa8_REEgRjNNvX5-WGMk,47.8821631,-4.0067229,a_contacter,2026-08-12
Les clés de L'Odet,contact@lesclesdelodet.fr,06 31 80 12 45,"19 Rte de Bénodet, 29950 Gouesnach",Fouesnant,http://www.lesclesdelodet.fr/,https://maps.google.com/?cid=7744557616799127903&g_mp=Cidnb29nbGUubWFwcy5wbGFjZXMudjEuUGxhY2VzLlNlYXJjaFRleHQQAhgEIAA,5,3,OPERATIONAL,site_accueil,ChIJJ2ouv2TTEEgRX5nbux4yems,47.9109314,-4.1148788,a_contacter,2026-08-12
La Town House by Kastell Breizh Conciergerie,contact@kastellbreizh.fr,06 51 26 50 93,"5 Rue Jean Jacques Rousseau, 22200 Guingamp",Guingamp,https://www.kastellbreizh.fr/g%C3%AEtes/town-house,https://maps.google.com/?cid=5061049653929785103&g_mp=Cidnb29nbGUubWFwcy5wbGFjZXMudjEuUGxhY2VzLlNlYXJjaFRleHQQAhgEIAA,5,3,OPERATIONAL,site_accueil,ChIJjzin-LiNEUgRDzcZfdh1PEY,48.562906899999994,-3.1530267000000003,a_contacter,2026-08-12
Breizh conciergerie sérénité,breizh.conciergerie03@gmail.com,07 80 23 89 01,"22 Chem. Croas ar Baladen, 22300 Lannion",Perros-Guirec,https://breizh-conciergerie-serenite.fr/,https://maps.google.com/?cid=16401994172398677867&g_mp=Cidnb29nbGUubWFwcy5wbGFjZXMudjEuUGxhY2VzLlNlYXJjaFRleHQQAhgEIAA,3.7,3,OPERATIONAL,site_accueil,ChIJteMEYK1crYMRa6_ZXcyWn-M,48.740542999999995,-3.472307,a_contacter,2026-08-12
Concierge B et B,demande@conciergebb.fr,06 51 08 78 22,"67 Rue de Rozolen, 29000 Quimper",Quimper,https://www.conciergebb.fr/pages/conciergerie-quimper-gestion-premium-airbnb-location-courte-duree,https://maps.google.com/?cid=4084303033355810571&g_mp=Cidnb29nbGUubWFwcy5wbGFjZXMudjEuUGxhY2VzLlNlYXJjaFRleHQQAhgEIAA,5,3,OPERATIONAL,site_accueil,ChIJFQCFKHPVEEgRCzc5Ivhbrjg,47.986123299999996,-4.0782747,a_contacter,2026-08-12
Conciergerie Welcome Host - Ty Patern - avec M'Cosy,airbnb01@welcomehost.fr,06 63 28 47 68,"Rue du Four, 56000 Vannes",Vannes,https://www.airbnb.fr/rooms/1486694837746245582?unique_share_id=c71ac887-7c39-4a5f-9272-a7333e52f091&viralityEntryPoint=1&s=76,https://maps.google.com/?cid=7863649660380369587&g_mp=Cidnb29nbGUubWFwcy5wbGFjZXMudjEuUGxhY2VzLlNlYXJjaFRleHQQAhgEIAA,5,3,OPERATIONAL,site_accueil,ChIJoTNwvayOVSIRs9IX5bNLIW0,47.658753399999995,-2.7530840999999997,a_contacter,2026-08-12
Entre Ker et Mer Conciergerie,berangere@entrekeretmer.com,06 87 28 00 25,"26 Rue du Port, 56000 Vannes",Vannes,https://www.entrekeretmer.com/,https://maps.google.com/?cid=13821927316168571860&g_mp=Cidnb29nbGUubWFwcy5wbGFjZXMudjEuUGxhY2VzLlNlYXJjaFRleHQQAhgEIAA,5,3,OPERATIONAL,site_accueil,ChIJ7RZ32LgfEEgR1Pt-j6lZ0b8,47.6530181,-2.7594943,a_contacter,2026-08-12
Bella conciergerie simplifiez-vous la vie,belleconciegere29@gmail.com,06 03 03 83 88,"60 Rue de Lyon, 29200 Brest",Brest,https://bella-conciergerie.com/,https://maps.google.com/?cid=2776700234297604941&g_mp=Cidnb29nbGUubWFwcy5wbGFjZXMudjEuUGxhY2VzLlNlYXJjaFRleHQQAhgEIAA,5,2,OPERATIONAL,site_accueil,ChIJ18OiCtS5FkgRTXsNySbSiCY,48.390870799999995,-4.4929505999999995,a_contacter,2026-08-12
Conciergerie Les Chaleureux,contact@leschaleureux.fr,06 10 79 25 16,"Rue Saint-Marc, 29200 Brest",Brest,https://leschaleureux.fr/conciergerie-brest,https://maps.google.com/?cid=9876715692826318408&g_mp=Cidnb29nbGUubWFwcy5wbGFjZXMudjEuUGxhY2VzLlNlYXJjaFRleHQQAhgEIAA,5,2,OPERATIONAL,site_accueil,ChIJuyYvSkjdiQcRSFZw8pckEYk,48.3970091,-4.4715006,a_contacter,2026-08-12
Conciergerie de Douarnenez,conciergeriemdc.dz@gmail.com,06 87 09 02 18,"27 Rue Charles Péguy, 29100 Douarnenez",Douarnenez,https://conciergeriemdcdz.wixsite.com/conciergerie-de-do-2,https://maps.google.com/?cid=12206756397151820355&g_mp=Cidnb29nbGUubWFwcy5wbGFjZXMudjEuUGxhY2VzLlNlYXJjaFRleHQQAhgEIAA,5,2,OPERATIONAL,site_accueil,ChIJ9xhcBWGA_YkRQxr230QcZ6k,48.0869949,-4.3109191,a_contacter,2026-08-12
"Concierge BB, la solution conciergerie Airbnb locale",demande@conciergebb.fr,07 59 79 05 34,"1 Rue Louis Guyader, 29680 Roscoff",Lannion,https://www.conciergebb.fr/pages/conciergerie-roscoff-gestion-premium-airbnb-location-saisonniere,https://maps.google.com/?cid=15680320555451131183&g_mp=Cidnb29nbGUubWFwcy5wbGFjZXMudjEuUGxhY2VzLlNlYXJjaFRleHQQAhgEIAA,5,2,OPERATIONAL,site_accueil,ChIJ2xJWwfrhE0gRL6Xrn3ewm9k,48.72312600000001,-3.982222,a_contacter,2026-08-12
All In Conciergerie - LANNION,guillaume.hardy59@icloud.com,06 18 01 19 93,"5 Rue Auguste Villiers de l'Isle Adam, 22300 Lannion",Perros-Guirec,http://www.allinconciergerie.fr/,https://maps.google.com/?cid=12457508123360409232&g_mp=Cidnb29nbGUubWFwcy5wbGFjZXMudjEuUGxhY2VzLlNlYXJjaFRleHQQAhgEIAA,5,2,OPERATIONAL,site_accueil,ChIJZ2IwfWwrEkgRkLZwr6L14aw,48.7257873,-3.4799702000000003,a_contacter,2026-08-12
Génifée Conciergerie,contact@genifee.org,06 33 14 91 62,"29 Rue du Petit Parame, 35400 Saint-Malo",Saint-Malo,http://www.genifee.org/,https://maps.google.com/?cid=3522509719196159642&g_mp=Cidnb29nbGUubWFwcy5wbGFjZXMudjEuUGxhY2VzLlNlYXJjaFRleHQQAhgEIAA,1,2,OPERATIONAL,site_accueil,ChIJ-w9QZcaDDkgRmk6MMu134jA,48.650276399999996,-1.9770760999999997,a_contacter,2026-08-12
CNCE Pro – Conciergerie Dinard & Côte d’Émeraude (servicesdeconciergerie.com),esolomon@confiez-nous.fr,02 99 40 79 52,"47 Rue de Dinard, 35730 Pleurtuit",Dinard,https://www.servicesdeconciergerie.com/,https://maps.google.com/?cid=12802878335657111356&g_mp=Cidnb29nbGUubWFwcy5wbGFjZXMudjEuUGxhY2VzLlNlYXJjaFRleHQQAhgEIAA,5,1,OPERATIONAL,site_accueil,ChIJu4s5-XuEc00RPO9igwP2rLE,48.5817282,-2.0587068,a_contacter,2026-08-12
Justuntoit Conciergerie,contact@justuntoit.fr,07 56 81 84 36,"5 Rue Bardoux, 56100 Lorient",Lorient,https://www.justuntoit.fr/,https://maps.google.com/?cid=13060382404162467503&g_mp=Cidnb29nbGUubWFwcy5wbGFjZXMudjEuUGxhY2VzLlNlYXJjaFRleHQQAhgEIAA,5,1,OPERATIONAL,site_accueil,ChIJk8NKrkJfEEgRr7bdhpnMP7U,47.7455942,-3.3727359,a_contacter,2026-08-12
La Conciergerie de Nathalie,n.witz@laposte.net,07 83 80 51 79,"10 Rue Jean Michel Caradec, 29670 Locquénolé",Morlaix,https://nwitz8.wixsite.com/la-conciergerie-de-n,https://maps.google.com/?cid=8397561197437755497&g_mp=Cidnb29nbGUubWFwcy5wbGFjZXMudjEuUGxhY2VzLlNlYXJjaFRleHQQAhgEIAA,5,1,OPERATIONAL,site_accueil,ChIJgZRHZBgXwScRaaDhuGohinQ,48.6250444,-3.870233099999999,a_contacter,2026-08-12
Be Nomads Rennes - Conciergerie,info@domainname.com,07 56 88 98 68,"2 Rue Claude Chappe, 35510 Cesson-Sévigné",Rennes,https://rennes.be-nomads.fr/,https://maps.google.com/?cid=10597236451874054895&g_mp=Cidnb29nbGUubWFwcy5wbGFjZXMudjEuUGxhY2VzLlNlYXJjaFRleHQQAhgEIAA,5,1,OPERATIONAL,site_accueil,ChIJ2YScGH9SmwQR7yLGCmjyEJM,48.1360859,-1.6217660999999999,a_contacter,2026-08-12
Lodge BNB - Conciergerie,lodgebnbfrance@gmail.com,06 35 23 37 50,"13 Chem. de Kerudo, 56400 Auray",Auray,https://www.lodgebnb.fr/,https://maps.google.com/?cid=11565236062513638548&g_mp=Cidnb29nbGUubWFwcy5wbGFjZXMudjEuUGxhY2VzLlNlYXJjaFRleHQQAhgEIAA,,,OPERATIONAL,site_accueil,ChIJB5uJEZjQTWMRlKypcez4f6A,47.6753,-3.0068295999999997,a_contacter,2026-08-12
le Phare Conciergerie,lephareconciergerie@orange.fr,06 28 42 30 36,"Imp. du Bel air, 56400 Auray",Auray,https://www.lephareconciergerie.fr/?utm_source=google&utm_medium=wix_google_business_profile&utm_campaign=17364359847110739152,https://maps.google.com/?cid=1787811419378253635&g_mp=Cidnb29nbGUubWFwcy5wbGFjZXMudjEuUGxhY2VzLlNlYXJjaFRleHQQAhgEIAA,,,OPERATIONAL,site_accueil,ChIJmzjAFeAVEEgRQ39tgQOVzxg,47.672135999999995,-2.9968206,a_contacter,2026-08-12
La Conciergerie Bretonne,laconciergeriebretonne@gmail.com,06 19 93 72 26,"2 Rue Blaveau, 29200 Brest",Brest,https://sites.google.com/view/laconciergeriebretonne/accueil?authuser=0,https://maps.google.com/?cid=12714768392558418132&g_mp=Cidnb29nbGUubWFwcy5wbGFjZXMudjEuUGxhY2VzLlNlYXJjaFRleHQQAhgEIAA,,,OPERATIONAL,page_contact,ChIJh7fCUUK5FkgR1BjPv3zuc7A,48.3827042,-4.4856486,a_contacter,2026-08-12
Conciergerie MERSEA,constance@conciergerielesglenans.com,06 11 12 24 07,"14 Av. Pierre Gueguin, 29900 Concarneau",Concarneau,https://www.airbnb.fr/rooms/870113263088199296?guests=1&adults=1&s=67&unique_share_id=9217f07b-a95b-47cf-a0a3-fe6a852d79bd,https://maps.google.com/?cid=10818101502344973509&g_mp=Cidnb29nbGUubWFwcy5wbGFjZXMudjEuUGxhY2VzLlNlYXJjaFRleHQQAhgEIAA,,,OPERATIONAL,site_accueil,ChIJB-CeY3PbEEgRxUxk5_-dIZY,47.87338750000001,-3.9183233,a_contacter,2026-08-12
Conciergerie Free d'Home Guidel et côte Lorientaise,aurore@freedhome-bnb-guidel.fr,06 99 89 69 16,"La baleine déshydratée, Rue d'Estienne d'Orves, 56100 Lorient",Lorient,https://www.freedhome-bnb-guidel.fr/,https://maps.google.com/?cid=9280783226670098634&g_mp=Cidnb29nbGUubWFwcy5wbGFjZXMudjEuUGxhY2VzLlNlYXJjaFRleHQQAhgEIAA,,,OPERATIONAL,site_accueil,ChIJC6R-vXdfEEgRyigTRyz3y4A,47.7324925,-3.3747102,a_contacter,2026-08-12
Conciergerie Hostnfly Lorient,client@hostnfly.com,06 74 61 35 33,"Rue Duliscouet, 56100 Lorient",Lorient,https://www.hostnfly.com/,https://maps.google.com/?cid=12496325834990416344&g_mp=Cidnb29nbGUubWFwcy5wbGFjZXMudjEuUGxhY2VzLlNlYXJjaFRleHQQAhgEIAA,,,OPERATIONAL,site_accueil,ChIJrXMVo8FfEEgR2PEjeCPea60,47.7567027,-3.3798383,a_contacter,2026-08-12
Conciergerie lorient : Domesia,knjlocation@gmail.com,07 61 76 50 81,"Bd Léon Blum, 56100 Lorient",Lorient,https://www.domesia-conciergerie.fr/,https://maps.google.com/?cid=5374197776520588743&g_mp=Cidnb29nbGUubWFwcy5wbGFjZXMudjEuUGxhY2VzLlNlYXJjaFRleHQQAhgEIAA,,,OPERATIONAL,site_accueil,ChIJzdPXGRxfEEgRxy00bmf8lEo,47.747615499999995,-3.3757527,a_contacter,2026-08-12
"ROZNTI - Services de conciergerie locations de vacances à Trégastel, Perros-Guirec, Côte de Granit Rose",contact@leguillouzer.com,06 89 79 13 36,"25 Rue du Général de Gaulle, 22730 Trégastel",Perros-Guirec,http://www.roznti.fr/,https://maps.google.com/?cid=15486645548638989692&g_mp=Cidnb29nbGUubWFwcy5wbGFjZXMudjEuUGxhY2VzLlNlYXJjaFRleHQQAhgEIAA,,,OPERATIONAL,page_contact,ChIJE_fwVC0zEkgRfO0CIROe69Y,48.8297148,-3.5123351,a_contacter,2026-08-12
Domesia conciergerie - pontivy,knjlocation@gmail.com,07 61 76 50 81,"9 Av. Napoléon 1er, 56300 Pontivy",Pontivy,https://www.domesia-conciergerie.fr/,https://maps.google.com/?cid=13426911411104049078&g_mp=Cidnb29nbGUubWFwcy5wbGFjZXMudjEuUGxhY2VzLlNlYXJjaFRleHQQAhgEIAA,,,OPERATIONAL,site_accueil,ChIJW6i1IXLNEUgRtud-Icr4Vbo,48.0651151,-2.9648725000000002,a_contacter,2026-08-12
Justuntoit Conciergerie,contact@justuntoit.fr,07 56 81 84 36,"2 Rue Mare au Coq, 22000 Saint-Brieuc",Saint-Brieuc,https://www.justuntoit.fr/,https://maps.google.com/?cid=2592082237071257198&g_mp=Cidnb29nbGUubWFwcy5wbGFjZXMudjEuUGxhY2VzLlNlYXJjaFRleHQQAhgEIAA,,,OPERATIONAL,site_accueil,ChIJIUec0xcdDkgRbm47qQ_t-CM,48.5153764,-2.7589088999999998,a_contacter,2026-08-12
Well C'Home,wellchomesaintmalo@gmail.com,07 44 80 84 52,"4 Rue de Belle Fontaine, 35400 Saint-Malo",Saint-Malo,https://well-c-home-conciergerie.fr/,https://maps.google.com/?cid=16967225207393440543&g_mp=Cidnb29nbGUubWFwcy5wbGFjZXMudjEuUGxhY2VzLlNlYXJjaFRleHQQAhgEIAA,,,OPERATIONAL,site_accueil,ChIJvRqpE3SDDkgRH1O9Dm6xd-s,48.6452215,-1.9860236,a_contacter,2026-08-12
YourHostHelper - Conciergerie Lorient,contact@yourhosthelper.com,,56100 Lorient,Lorient,https://yourhosthelper.com/conciergerie-lorient/,https://maps.google.com/?cid=12430034340257331262&g_mp=Cidnb29nbGUubWFwcy5wbGFjZXMudjEuUGxhY2VzLlNlYXJjaFRleHQQAhgEIAA,5,11,OPERATIONAL,page_contact,ChIJ3enABVpfEEgRPvjxFGBagKw,47.7482524,-3.3702449,a_contacter,2026-08-12
NM Conciergerie,contact@nmconciergerie.fr,,"16 bis Rue de l'Observatoire, 29200 Brest",Brest,http://www.nmconciergerie.fr/,https://maps.google.com/?cid=16550502746729933978&g_mp=Cidnb29nbGUubWFwcy5wbGFjZXMudjEuUGxhY2VzLlNlYXJjaFRleHQQAhgEIAA,5,6,OPERATIONAL,page_contact,ChIJl2T9kym5FkgRmuz2UI8yr-U,48.393568599999995,-4.491296,a_contacter,2026-08-12
YourHostHelper - Conciergerie Ploemeur,contact@yourhosthelper.com,,"1 Rue Galilée, 56270 Ploemeur",Lorient,https://yourhosthelper.com/conciergerie-ploemeur/,https://maps.google.com/?cid=5211647240633483107&g_mp=Cidnb29nbGUubWFwcy5wbGFjZXMudjEuUGxhY2VzLlNlYXJjaFRleHQQAhgEIAA,5,4,OPERATIONAL,page_contact,ChIJp0mRqndfEEgRY3-aiI19U0g,47.741791400000004,-3.4059231,a_contacter,2026-08-12
YourHostHelper conciergerie Larmor-Plage,contact@yourhosthelper.com,,"2 Bd Jean Monnet, 56260 Larmor-Plage",Lorient,https://yourhosthelper.com/conciergerie-larmor-plage/,https://maps.google.com/?cid=12460371659711568323&g_mp=Cidnb29nbGUubWFwcy5wbGFjZXMudjEuUGxhY2VzLlNlYXJjaFRleHQQAhgEIAA,5,4,OPERATIONAL,page_contact,ChIJle6-hhtfEEgRw9lzsgEi7Kw,47.725575899999995,-3.3858154999999996,a_contacter,2026-08-12
Sillon Loue Conciergerie,contact@sillonloue.fr,,"7 Rue Jean Batas, 35400 Saint-Malo",Saint-Malo,https://www.sillonloue.fr/,https://maps.google.com/?cid=8290469447323023835&g_mp=Cidnb29nbGUubWFwcy5wbGFjZXMudjEuUGxhY2VzLlNlYXJjaFRleHQQAhgEIAA,,,OPERATIONAL,site_accueil,ChIJqwx83CODDkgR2_nqnAmqDXM,48.65129580000001,-1.9927667,a_contacter,2026-08-12
La Conciergerie Bigoudène,,07 69 92 38 95,"3B Rue de la Gare, 29120 Pont-l'Abbé",Fouesnant,http://laconciergeriebigoudene.fr/,https://maps.google.com/?cid=6835199909438623999&g_mp=Cidnb29nbGUubWFwcy5wbGFjZXMudjEuUGxhY2VzLlNlYXJjaFRleHQQAhgEIAA,4.9,101,OPERATIONAL,,ChIJpy4DThQxF0gR_xDfahqC214,47.8691574,-4.2231535,a_contacter,2026-08-12
La Conciergerie de Céline,,07 60 92 81 45,"11 Rue du Four du Roy, 56400 Auray",Carnac,http://www.laconciergeriedeceline.com/,https://maps.google.com/?cid=11427552036526108810&g_mp=Cidnb29nbGUubWFwcy5wbGFjZXMudjEuUGxhY2VzLlNlYXJjaFRleHQQAhgEIAA,4.6,89,OPERATIONAL,,ChIJn2RNV_prEEgRijBuDQjSlp4,47.665953599999995,-2.9861854,a_contacter,2026-08-12
La Conciergerie Étoilée✨ - Vannes,,06 26 81 61 89,"12 Rue Jean-Vincent Lhermitais, 56000 Vannes",Carnac,https://www.laconciergerie-etoilee.fr/,https://maps.google.com/?cid=14362941996290271711&g_mp=Cidnb29nbGUubWFwcy5wbGFjZXMudjEuUGxhY2VzLlNlYXJjaFRleHQQAhgEIAA,4.9,85,OPERATIONAL,,ChIJD7oXXhLXvg0R3-lrwqVrU8c,47.665247799999996,-2.7694519,a_contacter,2026-08-12
Conciergerie La Minut'Rit - Franchise Rennes,,06 59 61 68 80,"1 Rue de la Marebaudière, 35760 Montgermont",Rennes,http://www.laminutrit.fr/,https://maps.google.com/?cid=14540539410106441790&g_mp=Cidnb29nbGUubWFwcy5wbGFjZXMudjEuUGxhY2VzLlNlYXJjaFRleHQQAhgEIAA,4.9,57,OPERATIONAL,,ChIJ_TcbMLLmDkgRPmD27Y1fysk,48.150719599999995,-1.7205618,a_contacter,2026-08-12
Fairy Conciergerie,,07 49 02 31 81,"37 Av. des Dunes, 29900 Concarneau",Concarneau,https://www.fairy-conciergerie.com/,https://maps.google.com/?cid=1154482340422065896&g_mp=Cidnb29nbGUubWFwcy5wbGFjZXMudjEuUGxhY2VzLlNlYXJjaFRleHQQAhgEIAA,5,46,OPERATIONAL,,ChIJKdyVEN3FEEgR6J5RaJKLBRA,47.8503768,-3.910167199999999,a_contacter,2026-08-12
Conciergerie Rennes Keyhome bnb,,06 58 37 59 66,"8 Rue d'Isly, 35000 Rennes",Rennes,https://keyhomebnb.lodgify.com/,https://maps.google.com/?cid=9911468865582671851&g_mp=Cidnb29nbGUubWFwcy5wbGFjZXMudjEuUGxhY2VzLlNlYXJjaFRleHQQAhgEIAA,5,32,OPERATIONAL,,ChIJC0YNYgjfDkgR6ydmh2ucjIk,48.106763699999995,-1.6780262,a_contacter,2026-08-12
Votre Hôte Conciergerie - Lorient,,07 81 37 92 13,"42 Av. de la Perrière, 56100 Lorient",Lorient,https://www.votre-hote-conciergerie.fr/,https://maps.google.com/?cid=15057800123826721186&g_mp=Cidnb29nbGUubWFwcy5wbGFjZXMudjEuUGxhY2VzLlNlYXJjaFRleHQQAhgEIAA,4.7,28,OPERATIONAL,,ChIJ3wD_V8xfEEgRolGG124N-NA,47.7331165,-3.3640044,a_contacter,2026-08-12
Conciergerie du Soleil,,07 61 11 11 81,"6 Rue du Roch Priol, 56170 Quiberon",Quiberon,https://la-conciergerie-du-soleil.com/,https://maps.google.com/?cid=14320584818395466028&g_mp=Cidnb29nbGUubWFwcy5wbGFjZXMudjEuUGxhY2VzLlNlYXJjaFRleHQQAhgEIAA,4.7,25,OPERATIONAL,,ChIJsdui1EV1EEgRLElQxATwvMY,47.4809607,-3.1161076999999997,a_contacter,2026-08-12
Neat'Ty Maison Propre Service de conciergerie à la carte,,06 24 79 10 28,"60 Rue de la Gare, 35800 Dinard",Dinard,https://www.neatty35-maisonpropre.com/,https://maps.google.com/?cid=4268023684143148815&g_mp=Cidnb29nbGUubWFwcy5wbGFjZXMudjEuUGxhY2VzLlNlYXJjaFRleHQQAhgEIAA,5,24,OPERATIONAL,,ChIJBc7A0kqBDkgRD29Ogu0QOzs,48.6308091,-2.0648078,a_contacter,2026-08-12
KAT'CONCIERGERIE by PLACID,,07 50 02 32 70,"1 Rue Anita Conti, 56000 Vannes",Vannes,https://www.katconciergerie.fr/,https://maps.google.com/?cid=10034870649336822239&g_mp=Cidnb29nbGUubWFwcy5wbGFjZXMudjEuUGxhY2VzLlNlYXJjaFRleHQQAhgEIAA,5,20,OPERATIONAL,,ChIJ8_cCb9EZEEgR3_m2RLAFQ4s,47.6676578,-2.7840764,a_contacter,2026-08-12
Conciergerie Annabelle Home Service - Golfe Du Morbihan - Ile Aux Moines,,07 86 18 83 83,"14 All. de Saint-Guen, 56000 Vannes",Auray,https://annabelle-hs.com/,https://maps.google.com/?cid=6177385080337113886&g_mp=Cidnb29nbGUubWFwcy5wbGFjZXMudjEuUGxhY2VzLlNlYXJjaFRleHQQAhgEIAA,5,17,OPERATIONAL,,ChIJ4T0xzAsfEEgRHqNKWgB7ulU,47.671174099999995,-2.7546743,a_contacter,2026-08-12
La petite conciergerie trevousienne,,06 66 54 00 61,"8 Chem. de Kermorwezan, 22660 Trévou-Tréguignec",Perros-Guirec,https://www.conciergerie-trevousienne.fr/,https://maps.google.com/?cid=2472471941573263351&g_mp=Cidnb29nbGUubWFwcy5wbGFjZXMudjEuUGxhY2VzLlNlYXJjaFRleHQQAhgEIAA,5,17,OPERATIONAL,,ChIJ9y98jR8lEkgR9z-YkiH8TyI,48.8131394,-3.3385506,a_contacter,2026-08-12
La Conciergerie de la Presqu'île,,06 87 67 53 75,"133 Rue de Port Haliguen, 56170 Quiberon",Quiberon,https://www.facebook.com/laconciergeriedelapresquile,https://maps.google.com/?cid=11244478719550715560&g_mp=Cidnb29nbGUubWFwcy5wbGFjZXMudjEuUGxhY2VzLlNlYXJjaFRleHQQAhgEIAA,4,16,OPERATIONAL,,ChIJdQfI26B1EEgRqHZC09FpDJw,47.484573999999995,-3.1059235,a_contacter,2026-08-12
Home Partner La Conciergerie de LORIENT,,07 86 52 36 12,"2 Av. du Faouédic, 56100 Lorient",Lorient,http://www.homepart.net/lorient,https://maps.google.com/?cid=736651151340942339&g_mp=Cidnb29nbGUubWFwcy5wbGFjZXMudjEuUGxhY2VzLlNlYXJjaFRleHQQAhgEIAA,5,15,OPERATIONAL,,ChIJjWilN3tfEEgRAzQPt1EcOQo,47.748090399999995,-3.3649845,a_contacter,2026-08-12
Conciergerie Welc'Home29,,06 58 72 43 32,"13 Pl. Saint-Martin, 29600 Morlaix",Morlaix,http://www.welchome29.fr/,https://maps.google.com/?cid=383743373069420442&g_mp=Cidnb29nbGUubWFwcy5wbGFjZXMudjEuUGxhY2VzLlNlYXJjaFRleHQQAhgEIAA,5,15,OPERATIONAL,,ChIJyzSA6NdmEUgRmoe2jJBUUwU,48.5768193,-3.8326582000000005,a_contacter,2026-08-12
"Ty Partner La conciergerie, Gestion locative et intendance",,06 75 62 83 88,"6 Av. Wilson, 56400 Auray",Auray,https://typartner-laconciergerie.fr/,https://maps.google.com/?cid=581772144310659601&g_mp=Cidnb29nbGUubWFwcy5wbGFjZXMudjEuUGxhY2VzLlNlYXJjaFRleHQQAhgEIAA,4.6,11,OPERATIONAL,,ChIJqwyHWhUVEEgREara0a7eEgg,47.6666391,-2.9820273,a_contacter,2026-08-12
Conciergerie de Karn,,07 81 15 17 83,"39 Rue de la Gare, 56340 Plouharnel",Carnac,https://www.facebook.com/Conciergerie-de-Karn-100990245878777/,https://maps.google.com/?cid=9229937941158985183&g_mp=Cidnb29nbGUubWFwcy5wbGFjZXMudjEuUGxhY2VzLlNlYXJjaFRleHQQAhgEIAA,5,10,OPERATIONAL,,ChIJRV9GkL1rEEgR332uuadTF4A,47.6033457,-3.1181628999999997,a_contacter,2026-08-12
AP Conciergerie Kervignac,,06 15 11 23 84,"3 Bis Av. des Plages, 56700 Kervignac",La Trinité-sur-Mer,https://ap-conciergerie.fr/kervignac/,https://maps.google.com/?cid=9767305283457079816&g_mp=Cidnb29nbGUubWFwcy5wbGFjZXMudjEuUGxhY2VzLlNlYXJjaFRleHQQAhgEIAA,5,9,OPERATIONAL,,ChIJURPema5dEEgRCFpB6WdwjIc,47.7641491,-3.2425189,a_contacter,2026-08-12
FRANKIZ conciergerie - Presqu’île de Rhuys,,02 57 62 08 82,"4 Rue du Colonel Arnaud Beltrame, 56370 Sarzeau",Sarzeau,https://www.frankiz-conciergerie56.bzh/,https://maps.google.com/?cid=1987149192068838241&g_mp=Cidnb29nbGUubWFwcy5wbGFjZXMudjEuUGxhY2VzLlNlYXJjaFRleHQQAhgEIAA,4.6,9,OPERATIONAL,,ChIJ4YuywwEPEEgRYbP3bKnFkxs,47.5267343,-2.7718412,a_contacter,2026-08-12
MY DOOR - Maison de conciergerie,,07 45 55 94 49,"100 Rue Sainte-Anne, 56270 Ploemeur",Lorient,http://www.mydoor.fr/,https://maps.google.com/?cid=6904145871015985675&g_mp=Cidnb29nbGUubWFwcy5wbGFjZXMudjEuUGxhY2VzLlNlYXJjaFRleHQQAhgEIAA,5,8,OPERATIONAL,,ChIJkQPPSAn1EEgRC0JjBxd00F8,47.739599899999995,-3.4161884,a_contacter,2026-08-12
"Conciergerie touristique ""Les clés en mains""",,06 22 93 64 61,"22 Rte de Lesquivit, 29470 Plougastel-Daoulas",Brest,http://www.lesclesenmains.com/,https://maps.google.com/?cid=6975246838269683944&g_mp=Cidnb29nbGUubWFwcy5wbGFjZXMudjEuUGxhY2VzLlNlYXJjaFRleHQQAhgEIAA,5,6,OPERATIONAL,,ChIJbWSiaVK3FkgR6Ci7_woOzWA,48.3784552,-4.3572980999999995,a_contacter,2026-08-12
La Conciergerie armoricaine,,06 31 97 26 13,"75 Rte du Grannec, 22730 Trégastel",Perros-Guirec,http://www.laconciergeriearmoricaine.fr/,https://maps.google.com/?cid=6546152611218544162&g_mp=Cidnb29nbGUubWFwcy5wbGFjZXMudjEuUGxhY2VzLlNlYXJjaFRleHQQAhgEIAA,5,5,OPERATIONAL,,ChIJT_zxX2LbmakRIlYt7R2b2Fo,48.818193,-3.5254719999999997,a_contacter,2026-08-12
Conciergerie Airbnb Rennes - MTS,,07 67 07 16 10,"28 Bd du Colombier, 35000 Rennes",Rennes,https://morenntyservices.bzh/,https://maps.google.com/?cid=16785306242962491209&g_mp=Cidnb29nbGUubWFwcy5wbGFjZXMudjEuUGxhY2VzLlNlYXJjaFRleHQQAhgEIAA,4.2,5,OPERATIONAL,,ChIJ-cTUOj5m4qARSQfteRhj8eg,48.102922799999995,-1.6776607,a_contacter,2026-08-12
Terre&mer Conciergerie,,06 45 06 73 60,"La Tenue Yo, 22400 Lamballe-Armor",Saint-Brieuc,https://www.facebook.com/terreetmerconciergerie,https://maps.google.com/?cid=17186656815207857685&g_mp=Cidnb29nbGUubWFwcy5wbGFjZXMudjEuUGxhY2VzLlNlYXJjaFRleHQQAhgEIAA,4,4,OPERATIONAL,,ChIJI-g3-t4XDkgRFb4Ci1BFg-4,48.4452626,-2.5683833,a_contacter,2026-08-12
La Nuit d'Emeraude Conciergerie,,02 99 20 38 40,"19 Bd de la République, 35400 Saint-Malo",Saint-Malo,https://connect.superhote.com/website/la.nuit.demeraude,https://maps.google.com/?cid=13049450009976121778&g_mp=Cidnb29nbGUubWFwcy5wbGFjZXMudjEuUGxhY2VzLlNlYXJjaFRleHQQAhgEIAA,4,4,OPERATIONAL,,ChIJSRB1vKKBDkgRsinYJqX1GLU,48.6500158,-2.0080337,a_contacter,2026-08-12
CJO PRESTIGE CONCIERGERIE,,06 60 64 34 77,"10 Cité Montgolfier, 29200 Brest",Brest,https://www.instagram.com/cjo_prestige/profilecard/?igsh=cHF2NzNzOGNyaG45,https://maps.google.com/?cid=1349825772093159954&g_mp=Cidnb29nbGUubWFwcy5wbGFjZXMudjEuUGxhY2VzLlNlYXJjaFRleHQQAhgEIAA,5,3,OPERATIONAL,,ChIJObGm0ji_FkgRErpHVmOLuxI,48.389057099999995,-4.5057927,a_contacter,2026-08-12
Conciergerie Lorient - GWENY PRESTIGE INTENDANCE,,06 03 89 35 54,"7 Pl. de la Mairie, 56680 Plouhinec",Lorient,https://meilleur-concierge.com/conciergerie/gweny-prestige-intendance,https://maps.google.com/?cid=7800326923731047173&g_mp=Cidnb29nbGUubWFwcy5wbGFjZXMudjEuUGxhY2VzLlNlYXJjaFRleHQQAhgEIAA,5,3,OPERATIONAL,,ChIJPR0gdMsXZK0RBZPnXAJUQGw,47.6976255,-3.2515476,a_contacter,2026-08-12
Sérénissime Conciergerie,,07 57 76 45 95,"ZAC de Langolvas, 7 rue du Parc, 29610 Garlan",Morlaix,https://www.serenissime.bzh/,https://maps.google.com/?cid=1081854194645839991&g_mp=Cidnb29nbGUubWFwcy5wbGFjZXMudjEuUGxhY2VzLlNlYXJjaFRleHQQAhgEIAA,3.7,3,OPERATIONAL,,ChIJq3wO4b1jEUgRd7CheqiEAw8,48.587018099999995,-3.7876157999999998,a_contacter,2026-08-12
Roazhon Conciergerie,,06 23 65 23 97,"18 Rue de la Rigourdière, 35510 Cesson-Sévigné",Rennes,http://www.roazhonconciergerie.com/,https://maps.google.com/?cid=5045686902687792445&g_mp=Cidnb29nbGUubWFwcy5wbGFjZXMudjEuUGxhY2VzLlNlYXJjaFRleHQQAhgEIAA,3.7,3,OPERATIONAL,,ChIJnWd1cdf_k68RPf2LOoHhBUY,48.114030199999995,-1.5886345,a_contacter,2026-08-12
Pénatéa - Conciergerie Immobilière,,02 52 08 01 33,"33 Rue Nicolas Bouvier, 35400 Saint-Malo",Saint-Malo,https://www.airbnb.com/hs/tvwht,https://maps.google.com/?cid=15119928542271159492&g_mp=Cidnb29nbGUubWFwcy5wbGFjZXMudjEuUGxhY2VzLlNlYXJjaFRleHQQAhgEIAA,5,3,OPERATIONAL,,ChIJixb6NwGBDkgRxLxcf-bG1NE,48.6474148,-2.0063689,a_contacter,2026-08-12
ÔBreizh® Conciergerie,,07 45 51 64 09,"6 Rue du Père Éternel, 56400 Auray",Auray,https://obreizh.com/,https://maps.google.com/?cid=2004785604826581507&g_mp=Cidnb29nbGUubWFwcy5wbGFjZXMudjEuUGxhY2VzLlNlYXJjaFRleHQQAhgEIAA,,,OPERATIONAL,,ChIJH-rTSqwVEEgRA0qBwuJt0hs,47.665688499999995,-2.9824257,a_contacter,2026-08-12
conciergerie finisterres,,07 62 48 18 85,"1 Rue de Kernabat, 29200 Brest",Brest,https://conciergerie-finisterres.fr/,https://maps.google.com/?cid=16796861326055991008&g_mp=Cidnb29nbGUubWFwcy5wbGFjZXMudjEuUGxhY2VzLlNlYXJjaFRleHQQAhgEIAA,,,OPERATIONAL,,ChIJwckyZfr8gUMR4GYQ6WFwGuk,48.3766087,-4.536808499999999,a_contacter,2026-08-12
Conciergerie Glenan,,06 11 12 24 07,"64 Rue Malakoff, 29900 Concarneau",Concarneau,https://www.instagram.com/conciergerie.les.glenans/,https://maps.google.com/?cid=4504234984304082124&g_mp=Cidnb29nbGUubWFwcy5wbGFjZXMudjEuUGxhY2VzLlNlYXJjaFRleHQQAhgEIAA,,,OPERATIONAL,,ChIJkzhcL67bEEgRzPxUkNpBgj4,47.875607099999996,-3.9234858999999997,a_contacter,2026-08-12
CONCIERGERIE POULIGEART QUIMPER,,06 98 67 86 34,"14 Rue Joseph le Brix, 29000 Quimper",Fouesnant,http://conciergeriequimper.fr/,https://maps.google.com/?cid=6406113354339161244&g_mp=Cidnb29nbGUubWFwcy5wbGFjZXMudjEuUGxhY2VzLlNlYXJjaFRleHQQAhgEIAA,,,OPERATIONAL,,ChIJlTWsHJfVEEgRnJRFnCcW51g,47.9903918,-4.1065296,a_contacter,2026-08-12
Ker Ya Services,,06 07 21 45 68,"38 All. des Mésanges, 22300 Lannion",Lannion,http://keryaservices.fr/,https://maps.google.com/?cid=15690578789607156752&g_mp=Cidnb29nbGUubWFwcy5wbGFjZXMudjEuUGxhY2VzLlNlYXJjaFRleHQQAhgEIAA,,,OPERATIONAL,,ChIJ24-Vhg4pEkgRECzQ4kYiwNk,48.7162156,-3.4130043999999997,a_contacter,2026-08-12
Office des Gites,,06 87 79 43 36,"1 Rue du Général Leclerc, 22500 Paimpol",Paimpol,http://location-gites-paimpol.com/,https://maps.google.com/?cid=7009532048850755665&g_mp=Cidnb29nbGUubWFwcy5wbGFjZXMudjEuUGxhY2VzLlNlYXJjaFRleHQQAhgEIAA,,,OPERATIONAL,,ChIJXzqdp4gbEkgRUSB3pULcRmE,48.778746399999996,-3.0446054,a_contacter,2026-08-12
La clé des champs - conciergerie 35,,07 83 75 37 22,"14 Rue Roger-Henri Guerrand, 35000 Rennes",Rennes,https://conciergerielacledeschamps.fr/,https://maps.google.com/?cid=7086926535872144155&g_mp=Cidnb29nbGUubWFwcy5wbGFjZXMudjEuUGxhY2VzLlNlYXJjaFRleHQQAhgEIAA,,,OPERATIONAL,,ChIJ8xDmjanhDkgRG-Py3yLSWWI,48.1015344,-1.6991131,a_contacter,2026-08-12
Pénatéa - Conciergerie Immobilière,,02 52 08 01 33,"105 Bd Maréchal de Lattre de Tassigny, 35000 Rennes",Rennes,,https://maps.google.com/?cid=13989243567889678453&g_mp=Cidnb29nbGUubWFwcy5wbGFjZXMudjEuUGxhY2VzLlNlYXJjaFRleHQQAhgEIAA,4.3,26,OPERATIONAL,,ChIJa2KJGNrfDkgRdYB7JOjGI8I,48.11925050000001,-1.6852182,a_contacter,2026-08-12
LOCATEA conciergerie,,06 27 15 60 83,"32 Rue du Maréchal Foch, 56100 Lorient",Lorient,,https://maps.google.com/?cid=2370124909662991998&g_mp=Cidnb29nbGUubWFwcy5wbGFjZXMudjEuUGxhY2VzLlNlYXJjaFRleHQQAhgEIAA,5,23,OPERATIONAL,,ChIJp_AHb7JDEEgRfnbEQQxg5CA,47.7502624,-3.3598214000000004,a_contacter,2026-08-12
Conciergerie Ty Pand'Maen,,06 34 19 56 81,"19 Rue du Gohler, 56400 Auray",Carnac,,https://maps.google.com/?cid=9648671973439127715&g_mp=Cidnb29nbGUubWFwcy5wbGFjZXMudjEuUGxhY2VzLlNlYXJjaFRleHQQAhgEIAA,4.9,16,OPERATIONAL,,ChIJzcWp8nSaRI0Ro0Ab-wn45oU,47.6646694,-2.9883328,a_contacter,2026-08-12
Conciergerie Les Clés Bretonnes - Vannes,,06 35 42 72 20,"9 Av. Victor Hugo, 56000 Vannes",Vannes,,https://maps.google.com/?cid=6115709023413950108&g_mp=Cidnb29nbGUubWFwcy5wbGFjZXMudjEuUGxhY2VzLlNlYXJjaFRleHQQAhgEIAA,4.8,15,OPERATIONAL,,ChIJX2rhbvgfEEgRnFY9UvRc31Q,47.6596604,-2.7583634999999997,a_contacter,2026-08-12
La conciergerie des sables,,06 71 38 39 55,"Chem. de Kersaby, 29900 Concarneau",Concarneau,,https://maps.google.com/?cid=2552535990325792173&g_mp=Cidnb29nbGUubWFwcy5wbGFjZXMudjEuUGxhY2VzLlNlYXJjaFRleHQQAhgEIAA,5,13,OPERATIONAL,,ChIJoR-QKYXbEEgRrc3Ek_VtbCM,47.9016665,-3.9424749,a_contacter,2026-08-12
GVF Access Conciergerie,,07 81 77 52 35,"6 All. Adèle de Bretagne, 35000 Rennes",Rennes,,https://maps.google.com/?cid=3383189329137860390&g_mp=Cidnb29nbGUubWFwcy5wbGFjZXMudjEuUGxhY2VzLlNlYXJjaFRleHQQAhgEIAA,5,13,OPERATIONAL,,ChIJVWfwwdLfDkgRJn8nG8WA8y4,48.1047211,-1.6516996,a_contacter,2026-08-12
L'Escapade Conciergerie,,06 10 87 29 29,"22 Rue Saint-Hélier, 35000 Rennes",Rennes,,https://maps.google.com/?cid=8873044553233290570&g_mp=Cidnb29nbGUubWFwcy5wbGFjZXMudjEuUGxhY2VzLlNlYXJjaFRleHQQAhgEIAA,5,12,OPERATIONAL,,ChIJUUeFdUbfDkgRSlWvfwJjI3s,48.1073102,-1.672129,a_contacter,2026-08-12
Conciergerie Saint-Malo | Azur Resort,,02 21 61 00 30,"12 Bd Villebois Mareuil, 35400 Saint-Malo",Saint-Malo,,https://maps.google.com/?cid=9182458857710058882&g_mp=Cidnb29nbGUubWFwcy5wbGFjZXMudjEuUGxhY2VzLlNlYXJjaFRleHQQAhgEIAA,3.8,10,OPERATIONAL,,ChIJuyBB0bSBDkgRgn1yKq6lbn8,48.650819299999995,-2.0068109,a_contacter,2026-08-12
KORNOG Conciergerie,,06 42 16 96 80,"7 All. des Marais de Prat ar Loch, 29750 Loctudy",Bénodet,,https://maps.google.com/?cid=11677061752684706664&g_mp=Cidnb29nbGUubWFwcy5wbGFjZXMudjEuUGxhY2VzLlNlYXJjaFRleHQQAhgEIAA,5,8,OPERATIONAL,,ChIJiXE2Mq0zF0gRaHsS3ctBDaI,47.815380399999995,-4.194316,a_contacter,2026-08-12
L'Hermine Blanche Conciergerie,,07 68 30 77 83,"60 Av. du Bois d'Isis, 29100 Douarnenez",Douarnenez,,https://maps.google.com/?cid=13777287228755994815&g_mp=Cidnb29nbGUubWFwcy5wbGFjZXMudjEuUGxhY2VzLlNlYXJjaFRleHQQAhgEIAA,4.8,6,OPERATIONAL,,ChIJRcljFrF-ZiURv-iGRr3BMr8,48.104852,-4.358428,a_contacter,2026-08-12
West House Conciergerie,,06 16 11 14 11,"28 Rue ville Pépin, 35400 Saint-Malo",Saint-Malo,,https://maps.google.com/?cid=12944628842607850686&g_mp=Cidnb29nbGUubWFwcy5wbGFjZXMudjEuUGxhY2VzLlNlYXJjaFRleHQQAhgEIAA,5,6,OPERATIONAL,,ChIJ36WIkYGBDkgRvrTqSFmPpLM,48.6365225,-2.0152318,a_contacter,2026-08-12
M&S conciergerie,,06 29 75 31 95,"Rue Jacques II, 35400 Saint-Malo",Saint-Malo,,https://maps.google.com/?cid=9782419273352903169&g_mp=Cidnb29nbGUubWFwcy5wbGFjZXMudjEuUGxhY2VzLlNlYXJjaFRleHQQAhgEIAA,5,3,OPERATIONAL,,ChIJT0545YGBDkgRAXoi6H8iwoc,48.6372084,-2.0049134,a_contacter,2026-08-12
Conciergerie Les Estudiales,,02 99 30 51 21,"24 Bd Solférino, 35000 Rennes",Rennes,,https://maps.google.com/?cid=17160243619540911846&g_mp=Cidnb29nbGUubWFwcy5wbGFjZXMudjEuUGxhY2VzLlNlYXJjaFRleHQQAhgEIAA,4,2,OPERATIONAL,,ChIJrbsfE7TfDkgR5kbmMaduJe4,48.1042602,-1.669216,a_contacter,2026-08-12
La Parenthèse - Séjours et Conciergerie,,06 49 57 36 57,"22 Rue de la Visitation, 35000 Rennes",Rennes,,https://maps.google.com/?cid=10257760085822308603&g_mp=Cidnb29nbGUubWFwcy5wbGFjZXMudjEuUGxhY2VzLlNlYXJjaFRleHQQAhgEIAA,5,2,OPERATIONAL,,ChIJrwIRzvffDkgR-4CeOnPiWo4,48.1140265,-1.6786253,a_contacter,2026-08-12
Conciergerie de la baie 22,,06 32 17 40 82,"1 Rue du Vau Hello, 22360 Langueux",Saint-Brieuc,,https://maps.google.com/?cid=9001540302980985166&g_mp=Cidnb29nbGUubWFwcy5wbGFjZXMudjEuUGxhY2VzLlNlYXJjaFRleHQQAhgEIAA,5,2,OPERATIONAL,,ChIJbY3tQB2wugsRTjGLnjbl63w,48.504321999999995,-2.7268388999999997,a_contacter,2026-08-12
Conciergerie Dinard & Intendance | Azur Resort,,02 21 61 00 30,"2 Bd Féart, 35800 Dinard",Saint-Malo,,https://maps.google.com/?cid=5587978217167619804&g_mp=Cidnb29nbGUubWFwcy5wbGFjZXMudjEuUGxhY2VzLlNlYXJjaFRleHQQAhgEIAA,4.5,2,OPERATIONAL,,ChIJGQckMWRhDkgR3IblBpV8jE0,48.6342837,-2.0550134,a_contacter,2026-08-12
Conciergerie / Holidu - Morbihan,,06 20 88 06 14,"4 All. du Parc de Kerizel, 56000 Vannes",Vannes,,https://maps.google.com/?cid=8879992770022316883&g_mp=Cidnb29nbGUubWFwcy5wbGFjZXMudjEuUGxhY2VzLlNlYXJjaFRleHQQAhgEIAA,5,2,OPERATIONAL,,ChIJccz_DIUfEEgRU5s3SWASPHs,47.6644059,-2.7717028999999997,a_contacter,2026-08-12
Ty' conciergerie 56,,07 87 00 99 72,"3 Rue Mané Bihan, 56330 Pluvigner",Auray,,https://maps.google.com/?cid=8505687213441651942&g_mp=Cidnb29nbGUubWFwcy5wbGFjZXMudjEuUGxhY2VzLlNlYXJjaFRleHQQAhgEIAA,5,1,OPERATIONAL,,ChIJdUawvNyQyC4R5pTFn3RFCnY,47.7673658,-3.0103877999999997,a_contacter,2026-08-12
Ô'clean - Conciergerie & Nettoyage de bateaux,,07 61 42 53 98,"6 Rue du Père Éternel, 56400 Auray",Auray,,https://maps.google.com/?cid=15216275255999139359&g_mp=Cidnb29nbGUubWFwcy5wbGFjZXMudjEuUGxhY2VzLlNlYXJjaFRleHQQAhgEIAA,5,1,OPERATIONAL,,ChIJgQwYdh0VEEgRHw5l3rkRK9M,47.6656561,-2.982437,a_contacter,2026-08-12
eugénie conciergerie,,06 13 23 34 46,"1 Rue de Tronan, 22220 Trédarzec",Perros-Guirec,,https://maps.google.com/?cid=3334067134671356570&g_mp=Cidnb29nbGUubWFwcy5wbGFjZXMudjEuUGxhY2VzLlNlYXJjaFRleHQQAhgEIAA,5,1,OPERATIONAL,,ChIJ1SoY41oiEkgRmgJk82T8RC4,48.786996599999995,-3.2074344999999997,a_contacter,2026-08-12
la conciergerie de la cote,,06 20 66 30 63,"Rue du Dourlin, 22560 Pleumeur-Bodou",Perros-Guirec,,https://maps.google.com/?cid=837185853103529070&g_mp=Cidnb29nbGUubWFwcy5wbGFjZXMudjEuUGxhY2VzLlNlYXJjaFRleHQQAhgEIAA,5,1,OPERATIONAL,,ChIJ5ymi9CHTE0gRbtw3CRlIngs,48.801355,-3.5796009,a_contacter,2026-08-12
Conciergerie Cancale et La Fresnais | Sweet home Saint-Malo,,06 20 76 63 24,"3 Imp. du Grand Pré Henri, 35111 La Fresnais",Saint-Malo,,https://maps.google.com/?cid=6983133464270901272&g_mp=Cidnb29nbGUubWFwcy5wbGFjZXMudjEuUGxhY2VzLlNlYXJjaFRleHQQAhgEIAA,5,1,OPERATIONAL,,ChIJp5Bt-XGbDkgRGJACNeMS6WA,48.5928829,-1.8322823,a_contacter,2026-08-12
VD Multi-services 35 - Conciergerie & Jardin,,06 51 14 62 10,"Rue du Douet Fourche, 35800 Dinard",Dinard,,https://maps.google.com/?cid=2279334314068527992&g_mp=Cidnb29nbGUubWFwcy5wbGFjZXMudjEuUGxhY2VzLlNlYXJjaFRleHQQAhgEIAA,,,OPERATIONAL,,ChIJEdRSIwCBDkgReMtpcnvSoR8,48.621955199999995,-2.0587969,a_contacter,2026-08-12
Ti hermine conciergerie,,06 02 26 54 14,"4 Hent Louzaoueg, 22300 Lannion",Lannion,,https://maps.google.com/?cid=14755897665988823543&g_mp=Cidnb29nbGUubWFwcy5wbGFjZXMudjEuUGxhY2VzLlNlYXJjaFRleHQQAhgEIAA,,,OPERATIONAL,,ChIJU_z5-iUtEkgR94lHQ796x8w,48.752435,-3.4929949999999996,a_contacter,2026-08-12
CONCIERGERIE des 7 ILES,,06 86 07 31 60,"Zone Artisanale Balaneyer, 1 Rue de Balaneyer, 22700 Saint-Quay-Perros",Perros-Guirec,,https://maps.google.com/?cid=6879773046884947355&g_mp=Cidnb29nbGUubWFwcy5wbGFjZXMudjEuUGxhY2VzLlNlYXJjaFRleHQQAhgEIAA,,,OPERATIONAL,,ChIJi5JzALYvEkgRm1XisiLdeV8,48.788636499999996,-3.443589,a_contacter,2026-08-12
Conciergerie MY LOGE Rennes,,02 22 44 09 09,"90 Rue de Fougères, 35700 Rennes",Rennes,,https://maps.google.com/?cid=703125902659080591&g_mp=Cidnb29nbGUubWFwcy5wbGFjZXMudjEuUGxhY2VzLlNlYXJjaFRleHQQAhgEIAA,,,OPERATIONAL,,ChIJReNMJkXeDkgRj9FefEgBwgk,48.120273499999996,-1.6652148,a_contacter,2026-08-12
Conciergerie Wagram-Kléber et Marceau,,02 99 31 45 80,"6 Sq. Général Koénig, 35000 Rennes",Rennes,,https://maps.google.com/?cid=16980853583453813380&g_mp=Cidnb29nbGUubWFwcy5wbGFjZXMudjEuUGxhY2VzLlNlYXJjaFRleHQQAhgEIAA,,,OPERATIONAL,,ChIJB9C_8czfDkgRhPquoF0cqOs,48.105845,-1.6815909999999998,a_contacter,2026-08-12
Conciergerie de la Résidence Emeraude,,06 08 33 03 64,"1 Rue de Brest, 35000 Rennes",Rennes,,https://maps.google.com/?cid=1342990701261289602&g_mp=Cidnb29nbGUubWFwcy5wbGFjZXMudjEuUGxhY2VzLlNlYXJjaFRleHQQAhgEIAA,,,OPERATIONAL,,ChIJRarrXXlMwSkRgvhUZe1CoxI,48.111891899999996,-1.6878073,a_contacter,2026-08-12
La Conciergerie Blosn’up,,02 99 86 29 00,"1 Pl. de Montenegro, 35200 Rennes",Rennes,,https://maps.google.com/?cid=1723388648157109869&g_mp=Cidnb29nbGUubWFwcy5wbGFjZXMudjEuUGxhY2VzLlNlYXJjaFRleHQQAhgEIAA,,,OPERATIONAL,,ChIJm1abVwDdDkgRbV5YN9i06hc,48.117266,-1.6777925999999999,a_contacter,2026-08-12
Rovena Conciergerie,,06 98 25 36 43,"9 Rue des Grandes Murailles, 56000 Vannes",Vannes,,https://maps.google.com/?cid=17740378735267141480&g_mp=Cidnb29nbGUubWFwcy5wbGFjZXMudjEuUGxhY2VzLlNlYXJjaFRleHQQAhgEIAA,,,OPERATIONAL,,ChIJJ87QKfEfEEgRaNd9mHd8MvY,47.664362499999996,-2.7620769,a_contacter,2026-08-12
La conciergerie de Nathalie,,,"63 Rte de Dinard, 22100 Dinan",Dinan,https://www.la-conciergerie-de-nathalie.com/fr,https://maps.google.com/?cid=16000451186264628470&g_mp=Cidnb29nbGUubWFwcy5wbGFjZXMudjEuUGxhY2VzLlNlYXJjaFRleHQQAhgEIAA,5,1,OPERATIONAL,,ChIJobsryqmJDkgR9txHc5QFDd4,48.463121199999996,-2.0454646,a_contacter,2026-08-12
Maison Noroît Conciergerie,,,"53 Rue du Président Robert Schuman Schumann, 35400 Saint-Malo",Saint-Malo,https://maisonnoroitconciergerie.fr/,https://maps.google.com/?cid=7526573050144493542&g_mp=Cidnb29nbGUubWFwcy5wbGFjZXMudjEuUGxhY2VzLlNlYXJjaFRleHQQAhgEIAA,,,OPERATIONAL,,ChIJ6bQEpk535KcR5g_kxU_Cc2g,48.6583628,-1.988838,a_contacter,2026-08-12
Plage du Trez,,,29950 Bénodet,Bénodet,,https://maps.google.com/?cid=7003234671907208708&g_mp=Cidnb29nbGUubWFwcy5wbGFjZXMudjEuUGxhY2VzLlNlYXJjaFRleHQQAhgEIAA,4.7,86,OPERATIONAL,,ChIJbbMYpfXSEEgRBH66UdR8MGE,47.871106499999996,-4.1043565,a_contacter,2026-08-12
Conciergerie Quiberon,,,"26 Rue de Verdun, 56170 Quiberon",Quiberon,,https://maps.google.com/?cid=2807818450222857163&g_mp=Cidnb29nbGUubWFwcy5wbGFjZXMudjEuUGxhY2VzLlNlYXJjaFRleHQQAhgEIAA,5,1,OPERATIONAL,,ChIJESTyYQx1EEgRyztSBwFg9yY,47.4825385,-3.1199515,a_contacter,2026-08-12
Concierge Pontivy,,,"26 Rue Cainain, 56300 Pontivy",Pontivy,,https://maps.google.com/?cid=679720684279664456&g_mp=Cidnb29nbGUubWFwcy5wbGFjZXMudjEuUGxhY2VzLlNlYXJjaFRleHQQAhgEIAA,,,OPERATIONAL,,ChIJ8UgwLNTNEUgRSI_5bFzabgk,48.0655527,-2.9651997999999997,a_contacter,2026-08-12
Location Airbnb,,,"2 Rue de la Piperie, 35400 Saint-Malo",Saint-Malo,,https://maps.google.com/?cid=8437857204469254225&g_mp=Cidnb29nbGUubWFwcy5wbGFjZXMudjEuUGxhY2VzLlNlYXJjaFRleHQQAhgEIAA,,,OPERATIONAL,,ChIJxQN4BACBDkgRUUjc-WtKGXU,48.653915700000006,-2.0095119,a_contacter,2026-08-12
