categorie,nom,telephone,adresse,site,maps,note,nb_avis,distance_km,place_id,source,statut_appel
bar_resto,PC la Base Crêperie,02 97 30 61 27,"La Base des sous-marins Keroman, 9 Rue d'Estienne d'Orves, 56100 Lorient",https://pcdelabase.com/,https://maps.google.com/?cid=14066565591274547645&g_mp=Cidnb29nbGUubWFwcy5wbGFjZXMudjEuUGxhY2VzLlNlYXJjaFRleHQQAhgEIAA,4.3,3416,0.3,ChIJGVBKKTNeEEgRvemmneB6NsM,text:restaurant,a_appeler
bar_resto,La Base Bar Restaurant,02 97 88 01 93,"Base sous-marins Keroman, 56100 Lorient",https://labase-lorient.com/,https://maps.google.com/?cid=9882606757982748584&g_mp=Cidnb29nbGUubWFwcy5wbGFjZXMudjEuUGxhY2VzLlNlYXJjaFRleHQQAhgEIAA,4.1,1232,0.34,ChIJ3ZbpzgBfEEgRqL9vcHwSJok,text:restaurant,a_appeler
bar_resto,Association Eric Tabarly,02 97 83 72 64,"La base Cité de la voile Eric Tabarly, 56100 Lorient",http://www.asso-eric-tabarly.org/,https://maps.google.com/?cid=3683997748737738359&g_mp=Cidnb29nbGUubWFwcy5wbGFjZXMudjEuUGxhY2VzLlNlYXJjaFRleHQQAhgEIAA,4.9,13,0.36,ChIJBfJM3bRfEEgRdwbaDm8wIDM,text:association,a_appeler
bar_resto,TyRoll - Cité de la Voile Éric Tabarly,02 97 65 56 56,"Lorient La Base, 56100 Lorient",https://www.citevoile-tabarly.com/fr/descente-en-tyrolienne,https://maps.google.com/?cid=6966106799454003720&g_mp=Cidnb29nbGUubWFwcy5wbGFjZXMudjEuUGxhY2VzLlNlYXJjaFRleHQQAhgEIAA,4.7,74,0.4,ChIJB8FXn6dfEEgRCKLj4DmVrGA,text:boutique,a_appeler
bar_resto,Cité de la Voile Éric Tabarly,02 97 65 56 56,"Lorient La Base, Rue Roland Morillot, 56323 Lorient",https://www.citevoile-tabarly.com/fr,https://maps.google.com/?cid=8356117114938940283&g_mp=Cidnb29nbGUubWFwcy5wbGFjZXMudjEuUGxhY2VzLlNlYXJjaFRleHQQAhgEIAA,4.4,4194,0.41,ChIJO92xQMpfEEgRe1t_UT7k9nM,text:boutique,a_appeler
bar_resto,La Baleine bar - restaurant - event,02 97 78 33 59,"Rue d'Estienne d'Orves, 56100 Lorient",https://www.labaleine.bzh/,https://maps.google.com/?cid=13279630878730489786&g_mp=Cidnb29nbGUubWFwcy5wbGFjZXMudjEuUGxhY2VzLlNlYXJjaFRleHQQAhgEIAA,4.1,807,0.42,ChIJBaZsWhFfEEgRug8K--y5Srg,text:entreprise,a_appeler
bar_resto,Comptoir Insulaire Groix et Nature Lorient,02 97 05 58 91,"7 Rue d'Estienne d'Orves, 56100 Lorient",http://www.groix-et-nature.com/,https://maps.google.com/?cid=11460218232345713364&g_mp=Cidnb29nbGUubWFwcy5wbGFjZXMudjEuUGxhY2VzLlNlYXJjaFRleHQQAhgEIAA,4.5,283,0.44,ChIJDVTvizhfEEgR1Nprc8PfCp8,text:boutique,a_appeler
bar_resto,K5 Traiteur,02 30 91 70 00,"1 Rue d'Estienne d'Orves, 56100 Lorient",https://www.k5traiteur.com/,https://maps.google.com/?cid=4713047042975951790&g_mp=Cidnb29nbGUubWFwcy5wbGFjZXMudjEuUGxhY2VzLlNlYXJjaFRleHQQAhgEIAA,4.9,332,0.53,ChIJNw6KRFReEEgRrmtJllAbaEE,text:traiteur,a_appeler
bar_resto,Rooftop La Base Restaurant-Bar,02 97 76 95 67,"5 Rue Amiral Dordelin, 56100 Lorient",,https://maps.google.com/?cid=5920301181211585557&g_mp=Cidnb29nbGUubWFwcy5wbGFjZXMudjEuUGxhY2VzLlNlYXJjaFRleHQQAhgEIAA,4.2,459,0.53,ChIJZ_ChlTdfEEgRFSxxpY4iKVI,text:restaurant,a_appeler
bar_resto,K5 Bar Brasserie,02 30 91 70 00,"K5, Quai A Quartier Lorient La Base, 1 Rue d'Estienne d'Orves Celtic submarine 1, 56100 Lorient",http://www.k5brasserie.com/,https://maps.google.com/?cid=2169985914284919393&g_mp=Cidnb29nbGUubWFwcy5wbGFjZXMudjEuUGxhY2VzLlNlYXJjaFRleHQQAhgEIAA,4.5,687,0.57,ChIJ658P7clfEEgRYcqNJLFWHR4,text:traiteur,a_appeler
bar_resto,Best Western Plus Hotel Les Rives Du Ter,02 97 35 33 50,"15 Bd Jean Monnet, 56260 Larmor-Plage",https://www.lesrivesduter.com/fr/,https://maps.google.com/?cid=8007443847660940723&g_mp=Cidnb29nbGUubWFwcy5wbGFjZXMudjEuUGxhY2VzLlNlYXJjaFRleHQQAhgEIAA,4.5,1180,1.33,ChIJ-ZGcasNfEEgRs623EsEnIG8,text:hôtel,a_appeler
bar_resto,Embarcadère Lorient La Base Escal'Ouest,,"La Base des sous-marins Keroman, 56100 Lorient",https://www.escal-ouest.com/,https://maps.google.com/?cid=1405727275932523912&g_mp=Cidnb29nbGUubWFwcy5wbGFjZXMudjEuUGxhY2VzLlNlYXJjaFRleHQQAhgEIAA,4.6,27,0.26,ChIJa70jj_tfEEgRiB0JdYIlghM,text:entreprise,a_appeler
commerce,JIMMY LEWIS,06 79 70 46 17,"6 Rue Lieutenant de Vaisseau Bourely, 56100 Lorient",,https://maps.google.com/?cid=18042348899974738041&g_mp=Cidnb29nbGUubWFwcy5wbGFjZXMudjEuUGxhY2VzLlNlYXJjaFRleHQQAhgEIAA,,,0.47,ChIJGVywQMpfEEgReXCnaLtMY_o,text:surf shop,a_appeler
commerce,Action Fun,02 97 83 64 85,"6 Rue Lieutenant de Vaisseau Bourely, 56100 Lorient",http://www.actionfun.fr/,https://maps.google.com/?cid=13349007746401273235&g_mp=Cidnb29nbGUubWFwcy5wbGFjZXMudjEuUGxhY2VzLlNlYXJjaFRleHQQAhgEIAA,4.5,59,0.5,ChIJyY8TPspfEEgRk4UvvNEzQbk,text:magasin,a_appeler
commerce,Boutique 727 Sailbags - Concept Store,02 97 55 44 28,"3 Rue d'Estienne d'Orves, 56100 Lorient",https://www.727sailbags.com/fr/content/133-concept-store-727-sailbags-lorient,https://maps.google.com/?cid=4379528423623742875&g_mp=Cidnb29nbGUubWFwcy5wbGFjZXMudjEuUGxhY2VzLlNlYXJjaFRleHQQAhgEIAA,4.4,98,0.51,ChIJa2CqgMlfEEgRm9XRxeU1xzw,text:boutique,a_appeler
commerce,ROM-arrangé,09 80 55 30 03,"1 Rue d'Estienne d'Orves, 56100 Lorient",https://www.romarrange.com/,https://maps.google.com/?cid=12348567299204794220&g_mp=Cidnb29nbGUubWFwcy5wbGFjZXMudjEuUGxhY2VzLlNlYXJjaFRleHQQAhgEIAA,4.3,10,0.53,ChIJP5-tJpnvBUgRbEcbeojsXqs,text:entreprise,a_appeler
commerce,INTERSHIP Lorient,02 97 85 79 95,"57 Av. de la Perrière, 56100 Lorient",http://www.intership.fr/,https://maps.google.com/?cid=1696877111282879563&g_mp=Cidnb29nbGUubWFwcy5wbGFjZXMudjEuUGxhY2VzLlNlYXJjaFRleHQQAhgEIAA,4.8,29,0.54,ChIJ43iRgUpeEEgRS8yBBb6EjBc,text:composite,a_appeler
commerce,Atout Nautisme,02 97 21 19 42,"1 Rue d'Estienne d'Orves, 56100 Lorient",http://www.atout-nautisme.com/,https://maps.google.com/?cid=6249971151799065704&g_mp=Cidnb29nbGUubWFwcy5wbGFjZXMudjEuUGxhY2VzLlNlYXJjaFRleHQQAhgEIAA,4.7,29,0.55,ChIJI_N52DZeEEgRaBxsF6ZbvFY,text:société,a_appeler
commerce,Showroom Lorient La Base - Costard / L'Atelier Sur Mer,02 97 55 89 84,"13 Rue du Sous-Marin Venus, 56100 Lorient",https://www.lateliersurmer.com/,https://maps.google.com/?cid=14513785290148797922&g_mp=Cidnb29nbGUubWFwcy5wbGFjZXMudjEuUGxhY2VzLlNlYXJjaFRleHQQAhgEIAA,5,2,0.57,ChIJ7f2ImjBfEEgR4t2b9dJSa8k,text:magasin,a_appeler
commerce,Lyophilise & Co,02 97 87 23 73,"6 bis Rue du Sous-Marin Venus, 56100 Lorient",https://www.lyophilise.fr/,https://maps.google.com/?cid=4063764720037886785&g_mp=Cidnb29nbGUubWFwcy5wbGFjZXMudjEuUGxhY2VzLlNlYXJjaFRleHQQAhgEIAA,4.8,401,0.62,ChIJkSrXgctfEEgRQXufbHtkZTg,text:boutique,a_appeler
commerce,AD NAUTIC Lorient - AD Bretagne Sud,02 97 87 06 91,"2 Rue Benoît Frachon, 56100 Lorient",https://www.ad-nautic.com/,https://maps.google.com/?cid=6623781277108642552&g_mp=Cidnb29nbGUubWFwcy5wbGFjZXMudjEuUGxhY2VzLlNlYXJjaFRleHQQAhgEIAA,4.2,90,0.72,ChIJO6GyP7VfEEgR-KLxK_pl7Fs,text:accastillage,a_appeler
commerce,ESCALE MARINE,02 97 87 08 63,"6 Rue Benoît Frachon, 56100 Lorient",https://escale-m.fr/,https://maps.google.com/?cid=8521025960185146811&g_mp=Cidnb29nbGUubWFwcy5wbGFjZXMudjEuUGxhY2VzLlNlYXJjaFRleHQQAhgEIAA,4.3,686,0.73,ChIJLQBQlbVfEEgRu6235vbDQHY,text:boutique,a_appeler
commerce,ARMOR NAUTIC,02 97 37 06 88,"1 Rue François Toullec, 56100 Lorient",https://www.armor-nautic.com/,https://maps.google.com/?cid=5441396078810701899&g_mp=Cidnb29nbGUubWFwcy5wbGFjZXMudjEuUGxhY2VzLlNlYXJjaFRleHQQAhgEIAA,4.6,88,0.75,ChIJtwfAwrVfEEgRSyC3Z-e4g0s,text:entreprise,a_appeler
commerce,Evasion Pro Shop,02 97 32 41 10,"2 Rue de l'Industrie, 56100 Lorient",http://www.evasionproshop.com/,https://maps.google.com/?cid=3712184466944012373&g_mp=Cidnb29nbGUubWFwcy5wbGFjZXMudjEuUGxhY2VzLlNlYXJjaFRleHQQAhgEIAA,4.5,118,0.75,ChIJVRqdzMlfEEgRVbDrzBpUhDM,text:boutique,a_appeler
commerce,Low Coast Lorient,09 60 47 41 10,"2 Rue de l'Industrie, 56100 Lorient",https://lowcoast.bzh/,https://maps.google.com/?cid=16948316967926428231&g_mp=Cidnb29nbGUubWFwcy5wbGFjZXMudjEuUGxhY2VzLlNlYXJjaFRleHQQAhgEIAA,4.4,43,0.76,ChIJs_PdMMhfEEgRR_L6fXyENOs,text:magasin,a_appeler
commerce,USHIP Lorient,02 97 37 22 35,"2 Rue de l'Industrie, 56100 Lorient",http://www.uship.fr/,https://maps.google.com/?cid=1348327458030359213&g_mp=Cidnb29nbGUubWFwcy5wbGFjZXMudjEuUGxhY2VzLlNlYXJjaFRleHQQAhgEIAA,4.4,124,0.77,ChIJnwqdzMlfEEgRrRLO6K04thI,text:magasin,a_appeler
commerce,Atlantic Yachting,02 97 35 10 20,"1bis Rue François Toullec, 56100 Lorient",http://www.atlantic-yachting.fr/,https://maps.google.com/?cid=11057032565224064963&g_mp=Cidnb29nbGUubWFwcy5wbGFjZXMudjEuUGxhY2VzLlNlYXJjaFRleHQQAhgEIAA,4.3,72,0.78,ChIJ54xbM8hfEEgRw0cbEIl4cpk,text:chantier naval,a_appeler
commerce,OSS 56 - Océan Surf Shop,02 97 59 34 35,"2 Rue de l'Industrie, 56100 Lorient",https://www.ocean-surfshop.com/,https://maps.google.com/?cid=1718174333030589926&g_mp=Cidnb29nbGUubWFwcy5wbGFjZXMudjEuUGxhY2VzLlNlYXJjaFRleHQQAhgEIAA,4.9,31,0.78,ChIJu_TllIVfEEgR5mV73nMu2Bc,text:magasin,a_appeler
commerce,QUATRE DEGRÉS OUEST,06 68 10 54 32,"Le Diaph, La Base - Face à l'Elephant Bleu, 13-15 Rue François Toullec, 56100 Lorient",,https://maps.google.com/?cid=8146447821250586923&g_mp=Cidnb29nbGUubWFwcy5wbGFjZXMudjEuUGxhY2VzLlNlYXJjaFRleHQQAhgEIAA,,,0.86,ChIJv73ImbFfEEgRK2nltiH_DXE,text:entreprise,a_appeler
commerce,Vap Ohm Lorient La Base / Cigarette électronique / Vaporisateur personnel,02 56 54 85 09,"13 Rue François Toullec, 56100 Lorient",https://www.facebook.com/VapOhmLorientLaBase,https://maps.google.com/?cid=11234658576975769702&g_mp=Cidnb29nbGUubWFwcy5wbGFjZXMudjEuUGxhY2VzLlNlYXJjaFRleHQQAhgEIAA,5,69,0.87,ChIJL9cgSYxfEEgRZrBvtXOG6Zs,text:boutique,a_appeler
commerce,Kernével Nautic (USHIP),02 97 65 55 72,"Bd Roger le Port, 56260 Larmor-Plage",https://www.kernevelnautic.fr/,https://maps.google.com/?cid=1583995962685835659&g_mp=Cidnb29nbGUubWFwcy5wbGFjZXMudjEuUGxhY2VzLlNlYXJjaFRleHQQAhgEIAA,4.6,48,1.18,ChIJmZmmIYlfEEgRi8mKie97-xU,text:chantier naval,a_appeler
site_visite,Musée sous-marin du Pays de Lorient,02 97 37 27 99,"Tour Davis - Base de Sous Marins de Keroman, 56100 Lorient",http://www.musee-sous-marin.com/,https://maps.google.com/?cid=12239708252070809220&g_mp=Cidnb29nbGUubWFwcy5wbGFjZXMudjEuUGxhY2VzLlNlYXJjaFRleHQQAhgEIAA,4.1,428,0.12,ChIJxbRQR1ReEEgRhA4Zd84t3Kk,text:musée,a_appeler
site_visite,Sous-marin Flore-S645,02 97 65 52 87,"Base de sous-marins, Rue Roland Morillot, 56100 Lorient",http://www.la-flore.fr/,https://maps.google.com/?cid=11630651080973819437&g_mp=Cidnb29nbGUubWFwcy5wbGFjZXMudjEuUGxhY2VzLlNlYXJjaFRleHQQAhgEIAA,4.6,3150,0.2,ChIJC8YwnMtfEEgRLR71S4lfaKE,text:boutique,a_appeler
site_visite,Lorient La Base (Billetterie),02 97 65 56 56,"Rue d'Estienne d'Orves, 56100 Lorient",https://lorientlabase.fr/,https://maps.google.com/?cid=12637290672928649829&g_mp=Cidnb29nbGUubWFwcy5wbGFjZXMudjEuUGxhY2VzLlNlYXJjaFRleHQQAhgEIAA,4.6,54,0.3,ChIJuZFFfMZfEEgRZfJEa-msYK8,text:traiteur,a_appeler
site_visite,Base de Sous-Marins,02 97 02 23 29,56100 Lorient,http://www.la-flore.fr/,https://maps.google.com/?cid=14138474500583128611&g_mp=Cidnb29nbGUubWFwcy5wbGFjZXMudjEuUGxhY2VzLlNlYXJjaFRleHQQAhgEIAA,4.5,2649,0.32,ChIJeWY4PTNeEEgRI_4sQabzNcQ,text:magasin,a_appeler
site_visite,Cité des Moussaillons,02 97 65 56 56,"Lorient La Base, 56323 Lorient",https://www.citevoile-tabarly.com/,https://maps.google.com/?cid=4222940753335016678&g_mp=Cidnb29nbGUubWFwcy5wbGFjZXMudjEuUGxhY2VzLlNlYXJjaFRleHQQAhgEIAA,3.8,73,0.37,ChIJQzy6kOJfEEgR5twNtj3mmjo,text:boutique,a_appeler
site_visite,France Travail,09 72 72 39 49,"9 Rue François Toullec, 56100 Lorient",https://www.francetravail.fr/annuaire/,https://maps.google.com/?cid=1092860904109621255&g_mp=Cidnb29nbGUubWFwcy5wbGFjZXMudjEuUGxhY2VzLlNlYXJjaFRleHQQAhgEIAA,2.5,31,0.81,ChIJ00-SFMhfEEgRB8BdujOfKg8,text:entreprise,a_appeler
hotel,Les Gens de Mer - Lorient (by Popinns),01 76 34 00 14,"14 Bd Louis Nail, 56100 Lorient",https://gdmlorient.popinns.com/?utm_source=GMB+FICHE+&utm_medium=GMB+FICHE+-+LOR&utm_campaign=GMB+FICHE+-+LOR+-+ORGANIQUE,https://maps.google.com/?cid=4597883395255470631&g_mp=Cidnb29nbGUubWFwcy5wbGFjZXMudjEuUGxhY2VzLlNlYXJjaFRleHQQAhgEIAA,3.1,204,0.41,ChIJuZc2PjReEEgRJ4reXJb2zj8,text:hôtel,a_appeler
hotel,Hôtel Le Keroman,02 97 37 60 76,"45 Av. de la Perrière, 56100 Lorient",https://www.hotelkeroman.com/,https://maps.google.com/?cid=1180069623389807285&g_mp=Cidnb29nbGUubWFwcy5wbGFjZXMudjEuUGxhY2VzLlNlYXJjaFRleHQQAhgEIAA,4.2,128,0.58,ChIJt0OTdnRfEEgRteJg-BFzYBA,text:hôtel,a_appeler
hotel,"The Originals City, Hôtel Les Océanes, Lorient",02 97 37 14 66,"17 Av. de la Perrière, 56100 Lorient",http://www.hotel-lesoceanes.com/?utm_campaign=uberall&utm_medium=organic&utm_source=googlelisting,https://maps.google.com/?cid=13553426744502134132&g_mp=Cidnb29nbGUubWFwcy5wbGFjZXMudjEuUGxhY2VzLlNlYXJjaFRleHQQAhgEIAA,4.4,238,0.69,ChIJ5Xj1bkpeEEgRdCVUo9BxF7w,text:hôtel,a_appeler
hotel,Chambres et table d'hôtes B&B LA MASANA,06 63 46 54 24,"12 Rue de la Louisiane, 56100 Lorient",http://www.chambres-hotes-lorient.com/,https://maps.google.com/?cid=9602471633430619218&g_mp=Cidnb29nbGUubWFwcy5wbGFjZXMudjEuUGxhY2VzLlNlYXJjaFRleHQQAhgEIAA,4.6,14,0.94,ChIJ0-UtSLRfEEgRUqRlFBPVQoU,text:hôtel,a_appeler
hotel,Le Yacht - Studio en location saisonnière à Lorient,,"33 Av. de la Perrière, 56100 Lorient",,https://maps.google.com/?cid=3640178996398738944&g_mp=Cidnb29nbGUubWFwcy5wbGFjZXMudjEuUGxhY2VzLlNlYXJjaFRleHQQAhgEIAA,,,0.62,ChIJswczQTFfEEgRAE4vv4KDhDI,text:hôtel,a_appeler
nautique,Port de La Base de Lorient,02 97 87 00 46,"Maison des Skippers, Terre-plein Papin, 56100 Lorient",https://www.ports-paysdelorient.fr/,https://maps.google.com/?cid=10103978866092572374&g_mp=Cidnb29nbGUubWFwcy5wbGFjZXMudjEuUGxhY2VzLlNlYXJjaFRleHQQAhgEIAA,4.5,371,0.12,ChIJ0SjphMxfEEgR1n6A2z6LOIw,text:entreprise,a_appeler
nautique,Ecole de Voile & Croisières UCPA,02 97 05 50 50,"Terre plein du sous marin Papin, 56100 Lorient",https://www.ucpa.com/formations/ecole-de-voile,https://maps.google.com/?cid=5678202899490674948&g_mp=Cidnb29nbGUubWFwcy5wbGFjZXMudjEuUGxhY2VzLlNlYXJjaFRleHQQAhgEIAA,3.6,17,0.14,ChIJFXHShstfEEgRBBm84nMHzU4,text:catamaran,a_appeler
nautique,Lorient Port à sec,07 85 81 91 65,"PC la Base Crêperie, 56100 Lorient",https://www.ports-paysdelorient.fr/ports/lorient-port-a-sec/,https://maps.google.com/?cid=33158691066299831&g_mp=Cidnb29nbGUubWFwcy5wbGFjZXMudjEuUGxhY2VzLlNlYXJjaFRleHQQAhgEIAA,4.4,22,0.16,ChIJZVXgectfEEgRt0U5YqfNdQA,text:entreprise,a_appeler
nautique,ORC Catamarans,02 97 83 01 31,"BSM de keroman, Rue du Commandant l'Herminier Bloc K1, 56100 Lorient",https://www.ocean-rider-catamarans.com/,https://maps.google.com/?cid=17920498717565869970&g_mp=Cidnb29nbGUubWFwcy5wbGFjZXMudjEuUGxhY2VzLlNlYXJjaFRleHQQAhgEIAA,,,0.16,ChIJBfJM3bRfEEgRkl9bAqNmsvg,text:composite,a_appeler
nautique,Base Course au Large,06 44 27 17 00,"1 Rue Ludovic Jégo, 56100 Lorient",https://www.ports-paysdelorient.fr/course-au-large/base-course-au-large/,https://maps.google.com/?cid=15097458040086297065&g_mp=Cidnb29nbGUubWFwcy5wbGFjZXMudjEuUGxhY2VzLlNlYXJjaFRleHQQAhgEIAA,5,3,0.21,ChIJH3cSR2ZfEEgR6Xm1AhnyhNE,text:entreprise,a_appeler
nautique,Port Course au Large,02 97 87 00 46,"Base des Sous-Marins de Keroman, 56100 Lorient",https://www.ports-paysdelorient.fr/fr/ports/le-port-de-lorient-la-base,https://maps.google.com/?cid=2593433412761758066&g_mp=Cidnb29nbGUubWFwcy5wbGFjZXMudjEuUGxhY2VzLlNlYXJjaFRleHQQAhgEIAA,5,5,0.32,ChIJ_wg2msxfEEgRcilLxPK5_SM,text:société,a_appeler
nautique,MODX Catamarans,02 97 06 00 27,"9 Rue d'Estienne d'Orves, 56100 Lorient",http://www.modx-catamarans.com/,https://maps.google.com/?cid=14757318535477178349&g_mp=Cidnb29nbGUubWFwcy5wbGFjZXMudjEuUGxhY2VzLlNlYXJjaFRleHQQAhgEIAA,5,1,0.38,ChIJzdNL7DVfEEgR7a9nOAWHzMw,text:catamaran,a_appeler
nautique,Fleur de Lampaul - Croisière à la voile (société Loizon Sailing),06 75 34 61 74,"Centre d’Affaires Lorient Mer – La Base, 1 Rue Henri-Honoré d’Estienne d’Orves, 56100 Lorient",http://www.fleurdelampaul.fr/,https://maps.google.com/?cid=2932050959795777762&g_mp=Cidnb29nbGUubWFwcy5wbGFjZXMudjEuUGxhY2VzLlNlYXJjaFRleHQQAhgEIAA,4.9,30,0.57,ChIJQ2NkQmRfEEgR4nD4MdC8sCg,text:société,a_appeler
nautique,Societe Lorientaise de Peinture Navale,02 97 37 23 45,"14 Rue Maurice le Léon, 56100 Lorient",http://www.slpn.fr/,https://maps.google.com/?cid=1646355317373384408&g_mp=Cidnb29nbGUubWFwcy5wbGFjZXMudjEuUGxhY2VzLlNlYXJjaFRleHQQAhgEIAA,,,0.62,ChIJc37pe7VfEEgR2LYdOnAH2RY,text:société,a_appeler
nautique,SailWood - Menuiserie & Chantier Naval à Lorient,09 82 58 30 56,"38 Av. de la Perrière, 56100 Lorient",https://www.sailwood.fr/,https://maps.google.com/?cid=11505442672284534368&g_mp=Cidnb29nbGUubWFwcy5wbGFjZXMudjEuUGxhY2VzLlNlYXJjaFRleHQQAhgEIAA,5,8,0.65,ChIJ7aYK-jVeEEgRYAYk6SaLq58,text:chantier naval,a_appeler
nautique,Atlantique Concept Voile,02 97 84 61 61,"Port du, 56260 Larmor-Plage",http://www.ac-voile.com/,https://maps.google.com/?cid=12718082518942220411&g_mp=Cidnb29nbGUubWFwcy5wbGFjZXMudjEuUGxhY2VzLlNlYXJjaFRleHQQAhgEIAA,4.6,14,1.11,ChIJOa3S0dRfEEgRewCo7aq0f7A,text:catamaran,a_appeler
nautique,"Bag Hatoup, le compagnie lorientaise à voile 100% locale !",02 30 91 93 09,"Quai Rallier du Baty, 56570, Nous sommes au bout du ponton !, 56670 Locmiquélic",https://www.baghatoup.com/,https://maps.google.com/?cid=14120342617242944479&g_mp=Cidnb29nbGUubWFwcy5wbGFjZXMudjEuUGxhY2VzLlNlYXJjaFRleHQQAhgEIAA,5,110,1.48,ChIJgRwsoCW5e68R30OTL8yI9cM,text:catamaran,a_appeler
nautique,Base Nautique Municipale du Ter,02 97 37 45 25,"Bd Emile Guillerot, 56100 Lorient",https://www.lorient.bzh/basenautique/,https://maps.google.com/?cid=7140987498484392603&g_mp=Cidnb29nbGUubWFwcy5wbGFjZXMudjEuUGxhY2VzLlNlYXJjaFRleHQQAhgEIAA,4.7,11,1.72,ChIJ2fTJWsBfEEgRm-KqmEviGWM,text:nautique,a_appeler
nautique,Base Nautique de Gâvres,06 81 40 22 43,"Grande plage, Bd de l'Océan, 56680 Gâvres",https://www.sellor-nautisme.fr/activite/gavres/115,https://maps.google.com/?cid=12073548752651104573&g_mp=Cidnb29nbGUubWFwcy5wbGFjZXMudjEuUGxhY2VzLlNlYXJjaFRleHQQAhgEIAA,4.5,4,4.12,ChIJDXF3BvhhEEgRPTEhRJ_cjac,text:catamaran,a_appeler
nautique,Base nautique de Groix,06 84 79 61 80,"Plage de Port Mélite, 56590 Groix",https://www.sellor-nautisme.fr/activite/groix/117,https://maps.google.com/?cid=13513511149835866059&g_mp=Cidnb29nbGUubWFwcy5wbGFjZXMudjEuUGxhY2VzLlNlYXJjaFRleHQQAhgEIAA,4.3,43,10.64,ChIJhV3EE3iLEEgRy08_Csuiibs,text:catamaran,a_appeler
nautique,Base nautique de Guidel,02 97 33 77 78,"Bas Pouldu, 56520 Guidel",https://www.sellor-nautisme.fr/activite/guidel/116,https://maps.google.com/?cid=2947871268653295238&g_mp=Cidnb29nbGUubWFwcy5wbGFjZXMudjEuUGxhY2VzLlNlYXJjaFRleHQQAhgEIAA,,,12.85,ChIJdZuwxaDzEEgRhuao40zx6Cg,text:catamaran,a_appeler
nautique,Base nautique intercommunale du Pouldu,02 56 46 00 36,"Pl. de l'Océan, 29360 Clohars-Carnoët",https://sports-nautisme.clohars-carnoet.fr/voile,https://maps.google.com/?cid=6484072007559130219&g_mp=Cidnb29nbGUubWFwcy5wbGFjZXMudjEuUGxhY2VzLlNlYXJjaFRleHQQAhgEIAA,4.3,27,14.17,ChIJX1v2KrXzEEgRa6ydBCMN_Fk,text:catamaran,a_appeler
nautique,Les Glénans - Base de l'Île d'Arz,09 70 26 44 00,"Keroland, 56840 Île-d'Arz",http://www.glenans.asso.fr/,https://maps.google.com/?cid=7179287497213469205&g_mp=Cidnb29nbGUubWFwcy5wbGFjZXMudjEuUGxhY2VzLlNlYXJjaFRleHQQAhgEIAA,4.2,61,45.3,ChIJyYqNB0EbEEgRFeLP8_DzoWM,text:catamaran,a_appeler
nautique,Team sodebo voile,,"3 Rue Raymond Rallier du Baty, 56100 Lorient",,https://maps.google.com/?cid=14055696933648311345&g_mp=Cidnb29nbGUubWFwcy5wbGFjZXMudjEuUGxhY2VzLlNlYXJjaFRleHQQAhgEIAA,,,0.48,ChIJ7d9pNwBfEEgRMaSnEOTdD8M,text:team,a_appeler
nautique,Base nautique,,56870 Baden,,https://maps.google.com/?cid=2412096478946384528&g_mp=Cidnb29nbGUubWFwcy5wbGFjZXMudjEuUGxhY2VzLlNlYXJjaFRleHQQAhgEIAA,4.8,5,40.03,ChIJY4QMaH4bEEgRkNqRv_d8eSE,text:catamaran,a_appeler
entreprise_autre,Gepeto Composite,02 97 37 70 47,"9 Quai du Pourquoi Pas, 56100 Lorient",http://www.gepetocomposite.com/,https://maps.google.com/?cid=12979817096160347620&g_mp=Cidnb29nbGUubWFwcy5wbGFjZXMudjEuUGxhY2VzLlNlYXJjaFRleHQQAhgEIAA,,,0.1,ChIJF541qjReEEgR5AUuAuGSIbQ,text:composite,a_appeler
entreprise_autre,Grand Large Yachting Lorient,02 97 83 01 31,"SM Block K1, Bâtiment K1, 56100 Lorient",https://www.grandlargeyachting.com/fr/,https://maps.google.com/?cid=7769028743571176533&g_mp=Cidnb29nbGUubWFwcy5wbGFjZXMudjEuUGxhY2VzLlNlYXJjaFRleHQQAhgEIAA,,,0.12,ChIJhSfMyiZfEEgRVfxb7noi0Ws,text:chantier naval,a_appeler
entreprise_autre,Maison des Skippers,02 97 33 65 62,"du Terre-plein du Sous-Marin Papin, n°1, 56100 Lorient",http://www.lorientlabase-courseaularge.fr/,https://maps.google.com/?cid=5095676263018474288&g_mp=Cidnb29nbGUubWFwcy5wbGFjZXMudjEuUGxhY2VzLlNlYXJjaFRleHQQAhgEIAA,,,0.13,ChIJNy1R5h5fEEgRMCubK5B6t0Y,text:skipper,a_appeler
entreprise_autre,Lorient La Base Course au large,02 97 33 65 62,"Maison des Skippers 1 Terre plein du sous marin, Imp. Denis Papin, 56100 Lorient",https://www.lorientlabase-courseaularge.fr/fr,https://maps.google.com/?cid=15276455870088656802&g_mp=Cidnb29nbGUubWFwcy5wbGFjZXMudjEuUGxhY2VzLlNlYXJjaFRleHQQAhgEIAA,,,0.14,ChIJD_hyDWdfEEgRoreQ-6zfANQ,text:société,a_appeler
entreprise_autre,Pegasus Leadership,02 97 88 43 47,"Base des sous-marins de Lorient, Bloc K3, 56100 Lorient",http://www.pegasus-leadership.com/,https://maps.google.com/?cid=9042490099240241964&g_mp=Cidnb29nbGUubWFwcy5wbGFjZXMudjEuUGxhY2VzLlNlYXJjaFRleHQQAhgEIAA,5,18,0.14,ChIJBfJM3bRfEEgRLIszCtZgfX0,text:entreprise,a_appeler
entreprise_autre,DECOSAIL,06 16 27 64 12,"5 Rue Ludovic Jégo, 56100 Lorient",http://decosail.com/,https://maps.google.com/?cid=398699776786108228&g_mp=Cidnb29nbGUubWFwcy5wbGFjZXMudjEuUGxhY2VzLlNlYXJjaFRleHQQAhgEIAA,5,7,0.17,ChIJqSHuOx1fEEgRRA9dp1V3iAU,text:entreprise,a_appeler
entreprise_autre,APYBIZ,02 20 03 32 62,"La base, 1 Quai glorieux Batiment Glorieux, 56100 Lorient",,https://maps.google.com/?cid=18021172482211939660&g_mp=Cidnb29nbGUubWFwcy5wbGFjZXMudjEuUGxhY2VzLlNlYXJjaFRleHQQAhgEIAA,5,11,0.27,ChIJNy1O-zSf544RTIVJbuQQGPo,text:entreprise,a_appeler
entreprise_autre,S.E.M Lorient Keroman,02 97 37 21 11,"Port de Pêche de Keroman, 56100 Lorient",http://www.keroman.fr/,https://maps.google.com/?cid=40735156421994829&g_mp=Cidnb29nbGUubWFwcy5wbGFjZXMudjEuUGxhY2VzLlNlYXJjaFRleHQQAhgEIAA,4.1,216,0.28,ChIJiWWJCzZeEEgRTSlnsGi4kAA,text:société,a_appeler
entreprise_autre,CDK Group,02 97 87 87 37,"Rue Ingénieur Henry Verrière, 56100 Lorient",https://www.cdk-technologies.com/,https://maps.google.com/?cid=7401485543387876851&g_mp=Cidnb29nbGUubWFwcy5wbGFjZXMudjEuUGxhY2VzLlNlYXJjaFRleHQQAhgEIAA,,,0.31,ChIJtYJLWrNfEEgR883SD-Nbt2Y,text:chantier naval,a_appeler
entreprise_autre,Espace événementiel K2,02 97 76 88 99,"Rue d'Estienne d'Orves, 56100 Lorient",https://lorient-evenements.bzh/lieux/espace-evenementiel-k2/,https://maps.google.com/?cid=18222450198085017146&g_mp=Cidnb29nbGUubWFwcy5wbGFjZXMudjEuUGxhY2VzLlNlYXJjaFRleHQQAhgEIAA,4.3,44,0.31,ChIJK_eAjt9fEEgROp4akugl4_w,text:entreprise,a_appeler
entreprise_autre,CEPS,02 97 83 16 86,"K3, Ancienne Base des Sous Marins, Rue Ingénieur Romazotti, 56100 Lorient",http://www.ceps-survie.com/,https://maps.google.com/?cid=4905777559756135549&g_mp=Cidnb29nbGUubWFwcy5wbGFjZXMudjEuUGxhY2VzLlNlYXJjaFRleHQQAhgEIAA,4.7,29,0.34,ChIJnaMrBzNeEEgRfdxY3LLSFEQ,text:ingénierie,a_appeler
entreprise_autre,HYDROPHONE - Face A,02 97 86 18 10,"11 Rue d'Estienne d'Orves, 56100 Lorient",,https://maps.google.com/?cid=1345489309701650597&g_mp=Cidnb29nbGUubWFwcy5wbGFjZXMudjEuUGxhY2VzLlNlYXJjaFRleHQQAhgEIAA,4.8,107,0.35,ChIJLxiAO1VfEEgRpTjaAWYjrBI,text:salle événement,a_appeler
entreprise_autre,CDK Technologies Lorient,02 97 87 87 37,"Rue Ingénieur Henry Verrière, 56100 Lorient",https://www.cdk-technologies.com/actualite/cdk-technologies-lorient.html,https://maps.google.com/?cid=9587919432141033474&g_mp=Cidnb29nbGUubWFwcy5wbGFjZXMudjEuUGxhY2VzLlNlYXJjaFRleHQQAhgEIAA,4,2,0.43,ChIJD7792cpfEEgRAtDUr-whD4U,text:entreprise,a_appeler
entreprise_autre,AVEL robotics SAS,06 07 33 00 05,"7 Rue d'Estienne d'Orves, 56100 Lorient",http://www.avelrobotics.com/,https://maps.google.com/?cid=12984854950903478053&g_mp=Cidnb29nbGUubWFwcy5wbGFjZXMudjEuUGxhY2VzLlNlYXJjaFRleHQQAhgEIAA,4.5,2,0.45,ChIJv3cW6oBfEEgRJfeS-Md4M7Q,text:composite,a_appeler
entreprise_autre,Plastimo,02 97 87 36 36,"21 Rue Amiral Dordelin, 56100 Lorient",http://www.plastimo.com/,https://maps.google.com/?cid=4243149948763356547&g_mp=Cidnb29nbGUubWFwcy5wbGFjZXMudjEuUGxhY2VzLlNlYXJjaFRleHQQAhgEIAA,4.6,15,0.45,ChIJEZ1x88pfEEgRg73BsGWy4jo,text:société,a_appeler
entreprise_autre,QAPTUR,06 50 84 10 83,"9 Rue Lieutenant de Vaisseau Bourely, 56100 Lorient",https://qaptur.fr/,https://maps.google.com/?cid=2898372146583406665&g_mp=Cidnb29nbGUubWFwcy5wbGFjZXMudjEuUGxhY2VzLlNlYXJjaFRleHQQAhgEIAA,,,0.45,ChIJn1U2VpdfEEgRSYj9bxwWOSg,text:entreprise,a_appeler
entreprise_autre,Sensation Océan,06 45 60 94 84,"Base des Sous-Marin de Keroman, 9 Rue Lieutenant de Vaisseau Bourely, 56100 Lorient",https://www.sensationocean.com/,https://maps.google.com/?cid=7058874891718508122&g_mp=Cidnb29nbGUubWFwcy5wbGFjZXMudjEuUGxhY2VzLlNlYXJjaFRleHQQAhgEIAA,5,76,0.45,ChIJmZ3Mw8tfEEgRWj7OglAp9mE,text:catamaran,a_appeler
entreprise_autre,AEPSILON,06 78 39 86 80,"7 Rue Lieutenant de Vaisseau Bourely, 56100 Lorient",https://aepsilon.simplybook.it/,https://maps.google.com/?cid=5101016680277300734&g_mp=Cidnb29nbGUubWFwcy5wbGFjZXMudjEuUGxhY2VzLlNlYXJjaFRleHQQAhgEIAA,4.8,38,0.46,ChIJTTDJRc1fEEgR_lVF9aRzykY,text:société,a_appeler
entreprise_autre,EL'DO,06 85 88 25 20,"Le Kerguélen, 7 Rue Lieutenant de Vaisseau Bourely, 56100 Lorient",http://agence-eldo.com/,https://maps.google.com/?cid=18123800791511892315&g_mp=Cidnb29nbGUubWFwcy5wbGFjZXMudjEuUGxhY2VzLlNlYXJjaFRleHQQAhgEIAA,5,1,0.46,ChIJq6quZ61fEEgRW4ECvsushPs,text:entreprise,a_appeler
entreprise_autre,Ateliers Mecaniques Lorientais,02 97 83 32 65,"32 Rue Ingénieur Henry Verrière, 56100 Lorient",http://www.aml-naval-industrie.com/,https://maps.google.com/?cid=5230325469549800533&g_mp=Cidnb29nbGUubWFwcy5wbGFjZXMudjEuUGxhY2VzLlNlYXJjaFRleHQQAhgEIAA,3.8,5,0.48,ChIJv_U0OTReEEgRVawxmE3ZlUg,text:entreprise,a_appeler
entreprise_autre,All Surf Import,06 79 70 46 17,"Rue Lieutenant de Vaisseau Bourely, 56100 Lorient",http://www.allsurfimport.com/,https://maps.google.com/?cid=1222125667602917897&g_mp=Cidnb29nbGUubWFwcy5wbGFjZXMudjEuUGxhY2VzLlNlYXJjaFRleHQQAhgEIAA,4.3,3,0.5,ChIJJ9UUPspfEEgRCepb0NHc9RA,text:surf shop,a_appeler
entreprise_autre,Escal'Ouest,02 97 65 52 52,"7 Rue Amiral Dordelin Celtic Submarine 3 - Bât C - Rdc, 56100 Lorient",http://www.escal-ouest.com/,https://maps.google.com/?cid=7848701781563030117&g_mp=Cidnb29nbGUubWFwcy5wbGFjZXMudjEuUGxhY2VzLlNlYXJjaFRleHQQAhgEIAA,4.8,163,0.51,ChIJMYpDJspfEEgRZToKpq8w7Gw,text:société,a_appeler
entreprise_autre,SeaSens Lorient,09 70 66 14 23,"83 Av. de la Perrière, 56100 Lorient",https://seasens-lorient.fr/,https://maps.google.com/?cid=1581202403888950972&g_mp=Cidnb29nbGUubWFwcy5wbGFjZXMudjEuUGxhY2VzLlNlYXJjaFRleHQQAhgEIAA,5,29,0.52,ChIJ5SQ3R_xfEEgRvG7LcTWP8RU,text:traiteur,a_appeler
entreprise_autre,Avenir Rénovations Lorient (56),02 21 83 37 16,"Centre d'affaires Lorient Mer - la base, 1 Rue d'Estienne d'Orves, 56100 Lorient",https://www.avenir-renovations.fr/agence/avenir-renovations-56-lorient/,https://maps.google.com/?cid=7776257786703717190&g_mp=Cidnb29nbGUubWFwcy5wbGFjZXMudjEuUGxhY2VzLlNlYXJjaFRleHQQAhgEIAA,5,10,0.53,ChIJmTCI3IpfEEgRRiNXskHR6ms,text:entreprise,a_appeler
entreprise_autre,BURO Club Partner Lorient La Base,01 40 21 95 95,"Centre d'affaires Lorient Mer, 1 Rue d'Estienne d'Orves, 56100 Lorient",https://www.buro.com/centre-affaires/lorient-67/,https://maps.google.com/?cid=7707088719478090571&g_mp=Cidnb29nbGUubWFwcy5wbGFjZXMudjEuUGxhY2VzLlNlYXJjaFRleHQQAhgEIAA,,,0.53,ChIJRSSrz_1fEEgRS2vpQFsU9Wo,text:entreprise,a_appeler
entreprise_autre,ESCAPADES GOURMANDES,02 97 86 56 58,"centre lorient mer, 1 Rue d'Estienne d'Orves Celtic submarine 1, 56100 Lorient",http://www.escapades-gourmandes.fr/,https://maps.google.com/?cid=15204220850921292889&g_mp=Cidnb29nbGUubWFwcy5wbGFjZXMudjEuUGxhY2VzLlNlYXJjaFRleHQQAhgEIAA,1,1,0.53,ChIJd0K4bFFeEEgRWUTA-U4-ANM,text:traiteur,a_appeler
entreprise_autre,GlobeSailor,01 89 48 04 26,"1 Rue d'Estienne d'Orves, 56100 Lorient",http://www.globesailor.fr/,https://maps.google.com/?cid=810527027027672302&g_mp=Cidnb29nbGUubWFwcy5wbGFjZXMudjEuUGxhY2VzLlNlYXJjaFRleHQQAhgEIAA,5,5,0.53,ChIJxVA6N1tfEEgR7nzWZgmSPws,text:catamaran,a_appeler
entreprise_autre,Intensive Yachting,06 20 31 64 30,"Sub Celtic Marine, 1 La Base, 1 Rue d'Estienne d'Orves, 56100 Lorient",http://www.intensive-yachting.fr/,https://maps.google.com/?cid=6351726089776915046&g_mp=Cidnb29nbGUubWFwcy5wbGFjZXMudjEuUGxhY2VzLlNlYXJjaFRleHQQAhgEIAA,4,5,0.53,ChIJW-C2XclfEEgRZuK7yzndJVg,text:catamaran,a_appeler
entreprise_autre,Maritimement Vôtre,09 54 17 07 76,"1 Rue d'Estienne d'Orves CELTIC SUBMARINE 1, Centre d’Affaires, Mer / LA BASE, 56100 Lorient",https://maritimementvotre.fr/,https://maps.google.com/?cid=15207164020305701812&g_mp=Cidnb29nbGUubWFwcy5wbGFjZXMudjEuUGxhY2VzLlNlYXJjaFRleHQQAhgEIAA,2.3,3,0.53,ChIJQUugk7dfEEgRtCts_xqzCtM,text:entreprise,a_appeler
entreprise_autre,Open Sea - Accompagnement des professionnels de la mer,06 83 12 38 19,"Centre d'affaires Lorient Mer La Base, 1 Rue d'Estienne d'Orves, 56100 Lorient",https://opensea.bzh/,https://maps.google.com/?cid=9880550596853056732&g_mp=Cidnb29nbGUubWFwcy5wbGFjZXMudjEuUGxhY2VzLlNlYXJjaFRleHQQAhgEIAA,,,0.53,ChIJk2nT3MlfEEgR3ESzHmvEHok,text:entreprise,a_appeler
entreprise_autre,Orbé Sécurité,09 62 18 26 11,"Centre d'Affaires Lorient Mer La Base, 1 Rue d'Estienne d'Orves, 56100 Lorient",https://www.orbesecurite.fr/,https://maps.google.com/?cid=14942627616291248065&g_mp=Cidnb29nbGUubWFwcy5wbGFjZXMudjEuUGxhY2VzLlNlYXJjaFRleHQQAhgEIAA,5,2,0.53,ChIJc4a0IUtfEEgRwVf7x6XgXs8,text:entreprise,a_appeler
entreprise_autre,Parking Indigo Lorient La Base,0 806 00 01 15,"Honoré d'ESTIENNE D'ORVES, PARKING LA BASE P1, Rue Henri Estier, 56100 Lorient",https://www.indigoneo.fr/fr/parkings/32766/parking-base-p1?utm_source=google&utm_medium=yext,https://maps.google.com/?cid=14077979764713141417&g_mp=Cidnb29nbGUubWFwcy5wbGFjZXMudjEuUGxhY2VzLlNlYXJjaFRleHQQAhgEIAA,4.3,21,0.53,ChIJuUjDMkBfEEgRqTTd9gEIX8M,text:La Base Lorient,a_appeler
entreprise_autre,SEM Lorient Keroman - Accueil de l'Aire de Réparation Navale,02 97 37 21 11,"2b Bd Jean Pierre Calloch, 56100 Lorient",http://www.keroman.fr/,https://maps.google.com/?cid=14467844508444168751&g_mp=Cidnb29nbGUubWFwcy5wbGFjZXMudjEuUGxhY2VzLlNlYXJjaFRleHQQAhgEIAA,,,0.53,ChIJ3U3JayVfEEgRL5JmL-0byMg,text:chantier naval,a_appeler
entreprise_autre,Nemo Engineering,02 90 38 08 96,"1 Rue d'Estienne d'Orves, 56100 Lorient",http://www.nemo-engineering.eu/,https://maps.google.com/?cid=6005842670510380879&g_mp=Cidnb29nbGUubWFwcy5wbGFjZXMudjEuUGxhY2VzLlNlYXJjaFRleHQQAhgEIAA,,,0.55,ChIJhwU_3PxfEEgRT5enqBYKWVM,text:ingénierie,a_appeler
entreprise_autre,CHALLENGE OCEAN,02 97 35 00 30,"Celtic Submarine, 1 Rue d'Estienne d'Orves, 56100 Lorient",https://www.challengeocean.com/,https://maps.google.com/?cid=2534430720518947970&g_mp=Cidnb29nbGUubWFwcy5wbGFjZXMudjEuUGxhY2VzLlNlYXJjaFRleHQQAhgEIAA,4.8,32,0.56,ChIJk0KQJspfEEgRgoRe9E8bLCM,text:entreprise,a_appeler
entreprise_autre,Centre d'Affaires Lorient Mer - La Base,02 30 91 59 15,"1 Rue d'Estienne d'Orves 1er étage, 56100 Lorient",http://www.centredaffaireslorientmer.fr/,https://maps.google.com/?cid=4032089398442547941&g_mp=Cidnb29nbGUubWFwcy5wbGFjZXMudjEuUGxhY2VzLlNlYXJjaFRleHQQAhgEIAA,4.7,61,0.56,ChIJUanSlslfEEgR5VrJ6PHb9Dc,text:entreprise,a_appeler
entreprise_autre,Befoil,06 03 00 13 54,"Centre d'affaire, Mer - La Base, 1 Rue d'Estienne d'Orves, 56100 Lorient",https://www.befoil.com/,https://maps.google.com/?cid=8975485989578773978&g_mp=Cidnb29nbGUubWFwcy5wbGFjZXMudjEuUGxhY2VzLlNlYXJjaFRleHQQAhgEIAA,,,0.57,ChIJ33BpVltfEEgR2pVWD_RUj3w,text:chantier naval,a_appeler
entreprise_autre,La Colloc,06 28 54 25 46,"42 Av. de la Perrière, 56100 Lorient",https://la-colloc.co/,https://maps.google.com/?cid=434065970364215366&g_mp=Cidnb29nbGUubWFwcy5wbGFjZXMudjEuUGxhY2VzLlNlYXJjaFRleHQQAhgEIAA,4.8,72,0.59,ChIJCwrz4DVeEEgRRvCkRLMcBgY,text:entreprise,a_appeler
entreprise_autre,SOS Vitrage & Fermeture,02 30 91 94 52,"Centre D'affaires Lorient Mer La base, 1 Rue d'Estienne d'Orves, 56100 Lorient",https://www.sos-vitrage-fermeture.fr/,https://maps.google.com/?cid=11147253911348311075&g_mp=Cidnb29nbGUubWFwcy5wbGFjZXMudjEuUGxhY2VzLlNlYXJjaFRleHQQAhgEIAA,4.9,80,0.59,ChIJWfdRBqZfEEgRI_T_Jl8As5o,text:entreprise,a_appeler
entreprise_autre,Bruneel Transports,02 97 83 83 97,"1 Rue du Comté de Bernadotte, 56100 Lorient",http://bruneeltransports.fr/?utm_medium=referral&utm_source=gmb&utm_campaign=lnk-gmb,https://maps.google.com/?cid=6714744744732535317&g_mp=Cidnb29nbGUubWFwcy5wbGFjZXMudjEuUGxhY2VzLlNlYXJjaFRleHQQAhgEIAA,3.7,119,0.6,ChIJvZMX5jVeEEgRFSo048SQL10,text:entreprise,a_appeler
entreprise_autre,Bureau d'études : ALTEREA LORIENT,02 40 74 24 81,"14 Rue du Sous-Marin Venus, 56100 Lorient",https://www.alterea.fr/,https://maps.google.com/?cid=17909665906319010375&g_mp=Cidnb29nbGUubWFwcy5wbGFjZXMudjEuUGxhY2VzLlNlYXJjaFRleHQQAhgEIAA,,,0.65,ChIJW7syXmNfEEgRR6oRmEDqi_g,text:ingénierie,a_appeler
entreprise_autre,"Le Nautilus - Centre d'affaires et réunion - Lorient, La Base",02 21 65 01 16,"14 Rue du Sous-Marin Venus, 56100 Lorient",https://le-nautilus.fr/,https://maps.google.com/?cid=13384671907883541477&g_mp=Cidnb29nbGUubWFwcy5wbGFjZXMudjEuUGxhY2VzLlNlYXJjaFRleHQQAhgEIAA,5,55,0.65,ChIJ1w4W669fEEgR5WOMaC_ov7k,text:boutique,a_appeler
entreprise_autre,SeaLoft - Maison Flottante,09 82 58 30 56,"38 Av. de la Perrière, 56100 Lorient",https://sealoft.fr/,https://maps.google.com/?cid=16682442066016205803&g_mp=Cidnb29nbGUubWFwcy5wbGFjZXMudjEuUGxhY2VzLlNlYXJjaFRleHQQAhgEIAA,4.5,2,0.65,ChIJVVWV_TVeEEgR6_vt8qvwg-c,text:chantier naval,a_appeler
entreprise_autre,BRETAGNE PÔLE NAVAL,02 97 32 77 69,"6 bis Rue François Toullec, 56100 Lorient",,https://maps.google.com/?cid=18060443993879788940&g_mp=Cidnb29nbGUubWFwcy5wbGFjZXMudjEuUGxhY2VzLlNlYXJjaFRleHQQAhgEIAA,4,5,0.72,ChIJx6qOw8lfEEgRjL0KxR-Wo_o,text:chantier naval,a_appeler
entreprise_autre,Lorient Grand Large,02 97 32 80 05,"6B Rue François Toullec, 56100 Lorient",http://lorientgrandlarge.org/,https://maps.google.com/?cid=6892477496717886127&g_mp=Cidnb29nbGUubWFwcy5wbGFjZXMudjEuUGxhY2VzLlNlYXJjaFRleHQQAhgEIAA,4.4,8,0.72,ChIJSe3nx8lfEEgRr0I-7sP_pl8,text:entreprise,a_appeler
entreprise_autre,AudéLor,02 97 12 06 40,"12 Av. de la Perrière, 56324 Lorient",http://www.audelor.com/,https://maps.google.com/?cid=5853830267098884694&g_mp=Cidnb29nbGUubWFwcy5wbGFjZXMudjEuUGxhY2VzLlNlYXJjaFRleHQQAhgEIAA,5,4,0.74,ChIJt6ZMXUpeEEgRVurb7Zz7PFE,text:entreprise,a_appeler
entreprise_autre,Location Bateau Lorient,02 97 35 10 20,"Rue François Toullec, 56100 Lorient",https://www.location-bateau-lorient.fr/?utm_source=Google&utm_medium=Local&utm_campaign=Visite-local,https://maps.google.com/?cid=13004182522907385110&g_mp=Cidnb29nbGUubWFwcy5wbGFjZXMudjEuUGxhY2VzLlNlYXJjaFRleHQQAhgEIAA,,,0.77,ChIJqyEC8ilfEEgRFt08ABsjeLQ,text:catamaran,a_appeler
entreprise_autre,Crédit Mutuel de Bretagne LORIENT LA BASE,02 97 78 53 20,"5 Rue François Toullec, 56100 Lorient",https://www.cmb.fr/reseau-bancaire-cooperatif/web/recherche-agence-credit-mutuel-de-bretagne/morbihan/lorient/lorient-la-base-56100,https://maps.google.com/?cid=1929225309739865801&g_mp=Cidnb29nbGUubWFwcy5wbGFjZXMudjEuUGxhY2VzLlNlYXJjaFRleHQQAhgEIAA,4.6,136,0.78,ChIJHd0jvq1fEEgRyda8njL8xRo,text:entreprise,a_appeler
entreprise_autre,Eiffage Travaux Maritimes et Fluviaux - ETMF Ouest,02 97 76 19 21,"18 Rue Emile Marcesche, 56100 Lorient",https://www.eiffagegeniecivil.com/,https://maps.google.com/?cid=15659750415927264746&g_mp=Cidnb29nbGUubWFwcy5wbGFjZXMudjEuUGxhY2VzLlNlYXJjaFRleHQQAhgEIAA,4.5,4,0.82,ChIJq6qqqhtcEEgR6sWezAicUtk,text:ingénierie,a_appeler
entreprise_autre,DEKRA contrôle technique Lorient (AUTO - MOTO),02 97 87 91 35,"près de la base sous-marine, 14 Bis Rue François Toullec, 56100 Lorient","https://www.dekra-norisko.fr/dekra/controle-technique/lorient,56100/14-bis-rue-francois-toullec?S056D010&utm_source=google&utm_medium=mybusiness&utm_campaign=fiche_centre&utm_term=Lorient&utm_content=S056D010",https://maps.google.com/?cid=9700441275979261878&g_mp=Cidnb29nbGUubWFwcy5wbGFjZXMudjEuUGxhY2VzLlNlYXJjaFRleHQQAhgEIAA,4.7,196,0.87,ChIJKaoP3sdfEEgRtudHA_LjnoY,text:entreprise,a_appeler
entreprise_autre,Blew Stoub,02 97 37 95 33,"8 Rue de l'Industrie, 56100 Lorient",,https://maps.google.com/?cid=7398547546382354863&g_mp=Cidnb29nbGUubWFwcy5wbGFjZXMudjEuUGxhY2VzLlNlYXJjaFRleHQQAhgEIAA,,,0.91,ChIJ0wm3BshfEEgRr0n1U8vrrGY,text:entreprise,a_appeler
entreprise_autre,Espace des Sciences Maison de la Mer,02 97 84 87 37,"12 Av. de Kergroise, 56100 Lorient",https://www.maisondelamer.org/,https://maps.google.com/?cid=14540088868093068507&g_mp=Cidnb29nbGUubWFwcy5wbGFjZXMudjEuUGxhY2VzLlNlYXJjaFRleHQQAhgEIAA,4.5,28,0.94,ChIJx6qOw8lfEEgR24RM8cnFyMk,text:entreprise,a_appeler
entreprise_autre,SAILOÉ,02 97 84 61 61,"Port de, 56260 Larmor-Plage",https://www.sailoe.com/,https://maps.google.com/?cid=8267452650487091457&g_mp=Cidnb29nbGUubWFwcy5wbGFjZXMudjEuUGxhY2VzLlNlYXJjaFRleHQQAhgEIAA,4.1,9,1.1,ChIJL0hbqMJfEEgRARGl_WHku3I,text:catamaran,a_appeler
entreprise_autre,Port de Commerce de Lorient,02 97 87 76 00,"3 Bd de la Rade, 56100 Lorient",https://lorient.port.bzh/,https://maps.google.com/?cid=168393077482121562&g_mp=Cidnb29nbGUubWFwcy5wbGFjZXMudjEuUGxhY2VzLlNlYXJjaFRleHQQAhgEIAA,4.2,86,1.2,ChIJE38juVpeEEgRWun0nZxAVgI,text:entreprise,a_appeler
entreprise_autre,Agence Maritime Lorientaise,02 97 37 15 99,"28 Bd Jacques Cartier, 56100 Lorient",http://www.aml.bzh/,https://maps.google.com/?cid=2505801203691234768&g_mp=Cidnb29nbGUubWFwcy5wbGFjZXMudjEuUGxhY2VzLlNlYXJjaFRleHQQAhgEIAA,3.4,5,1.29,ChIJe3EbO0peEEgR0CXDH-tkxiI,text:entreprise,a_appeler
entreprise_autre,ISMER,06 51 97 22 89,"Petite Base des Sous-marins Zone Industrialo-Portuaire du Scorff, 56600 Lanester",http://www.societe-ismer.com/,https://maps.google.com/?cid=7220646644234901250&g_mp=Cidnb29nbGUubWFwcy5wbGFjZXMudjEuUGxhY2VzLlNlYXJjaFRleHQQAhgEIAA,5,3,2.83,ChIJbbt4gEReEEgRAtc8xt3jNGQ,text:entreprise,a_appeler
entreprise_autre,Base Nature de Kerva - EEDF Lorient,02 97 21 22 21,56270 Ploemeur,,https://maps.google.com/?cid=10773425132720946079&g_mp=Cidnb29nbGUubWFwcy5wbGFjZXMudjEuUGxhY2VzLlNlYXJjaFRleHQQAhgEIAA,4.3,6,7.45,ChIJJePl8Sb1EEgRn_sYAhTlgpU,text:association,a_appeler
entreprise_autre,Base de Loisirs - Pédalos Priziac,06 78 33 24 96,"Lac du bel air, 56320 Priziac",,https://maps.google.com/?cid=18262129170338808884&g_mp=Cidnb29nbGUubWFwcy5wbGFjZXMudjEuUGxhY2VzLlNlYXJjaFRleHQQAhgEIAA,4.2,9,37.03,ChIJYSIyavuqEUgRNARYOLkdcP0,text:catamaran,a_appeler
entreprise_autre,K1,,56100 Lorient,,https://maps.google.com/?cid=5187171183150149656&g_mp=Cidnb29nbGUubWFwcy5wbGFjZXMudjEuUGxhY2VzLlNlYXJjaFRleHQQAhgEIAA,4,4,0.17,ChIJee78JXtfEEgRGLDOULWI_Ec,text:bloc K1,a_appeler
entreprise_autre,Base UCPA,,"56100 Lorient, France",,https://maps.google.com/?cid=15286376467925468532&g_mp=Cidnb29nbGUubWFwcy5wbGFjZXMudjEuUGxhY2VzLlNlYXJjaFRleHQQAhgEIAA,,,0.25,ChIJo91mw6tfEEgRdIWWKWgeJNQ,text:UCPA,a_appeler
entreprise_autre,Butter prod. | Société de production audiovisuelle | Réalisation vidéo | Journaliste animateur,,"Glorieux 1, Base des sous-marins Lorient La base, 56100 Lorient",https://www.butterprod.fr/,https://maps.google.com/?cid=6365334399426477132&g_mp=Cidnb29nbGUubWFwcy5wbGFjZXMudjEuUGxhY2VzLlNlYXJjaFRleHQQAhgEIAA,5,6,0.27,ChIJ07K-yDpfEEgRTLxjSuk1Vlg,text:société,a_appeler
entreprise_autre,Pôle course au large,,"Cite la Voile, 56100 Lorient",,https://maps.google.com/?cid=929404805074824195&g_mp=Cidnb29nbGUubWFwcy5wbGFjZXMudjEuUGxhY2VzLlNlYXJjaFRleHQQAhgEIAA,5,2,0.28,ChIJERQKScVfEEgRA6wG-77o5Qw,text:société,a_appeler
entreprise_autre,CEFCM K3,,"K3, Ancienne Base des Sous Marins, Rue Ingénieur Romazotti, 56100 Lorient",http://www.cefcm.fr/,https://maps.google.com/?cid=1011179500665581543&g_mp=Cidnb29nbGUubWFwcy5wbGFjZXMudjEuUGxhY2VzLlNlYXJjaFRleHQQAhgEIAA,4,2,0.33,ChIJVTO5p71fEEgR5y9U_WVuCA4,text:ingénierie,a_appeler
entreprise_autre,7 Rue Amiral Dordelin Celtic Submarine 3 - Bât C - Rdc,,"7 Rue Amiral Dordelin Celtic Submarine 3 - Bât C - Rdc, 56100 Lorient",,https://maps.google.com/?cid=2947692241304262516&g_mp=Cidnb29nbGUubWFwcy5wbGFjZXMudjEuUGxhY2VzLlNlYXJjaFRleHQQAhgEIAA,,,0.51,ChIJJ8L3krVfEEgRdJcd1nlO6Cg,text:Celtic Submarine,a_appeler
entreprise_autre,7 Rue Amiral Dordelin Celtic Submarine 3 Bât C,,"7 Rue Amiral Dordelin Celtic Submarine 3 Bât C, 56100 Lorient",,https://maps.google.com/?cid=10728535254966768603&g_mp=Cidnb29nbGUubWFwcy5wbGFjZXMudjEuUGxhY2VzLlNlYXJjaFRleHQQAhgEIAA,,,0.51,ChIJu38xacpfEEgR25OM4Php45Q,text:Celtic Submarine,a_appeler
entreprise_autre,1 Rue d'Estienne d'Orves Celtic submarine 1,,"1 Rue d'Estienne d'Orves Celtic submarine 1, 56100 Lorient",,https://maps.google.com/?cid=2977184470102397753&g_mp=Cidnb29nbGUubWFwcy5wbGFjZXMudjEuUGxhY2VzLlNlYXJjaFRleHQQAhgEIAA,,,0.53,ChIJ___zIspfEEgROVNDc4AVUSk,text:Celtic Submarine,a_appeler
entreprise_autre,Aire De Jeux La Base,,"5 Rue François Toullec, 56100 Lorient",,https://maps.google.com/?cid=2842503636647065058&g_mp=Cidnb29nbGUubWFwcy5wbGFjZXMudjEuUGxhY2VzLlNlYXJjaFRleHQQAhgEIAA,4.7,24,0.55,ChIJ9458n1NfEEgR4rUaT_-Zcic,text:La Base Lorient,a_appeler
entreprise_autre,3 Rue du Sous-Marin Venus Celtic Submarine 2,,"3 Rue du Sous-Marin Venus Celtic Submarine 2, 56100 Lorient",,https://maps.google.com/?cid=2528813640086893949&g_mp=Cidnb29nbGUubWFwcy5wbGFjZXMudjEuUGxhY2VzLlNlYXJjaFRleHQQAhgEIAA,,,0.58,ChIJqQ0PEMpfEEgRfbWKgJsmGCM,text:Celtic Submarine,a_appeler
entreprise_autre,5 Rue Amiral Dordelin Celtic submarine 3,,"5 Rue Amiral Dordelin Celtic submarine 3, 56100 Lorient",,https://maps.google.com/?cid=11841280860435081134&g_mp=Cidnb29nbGUubWFwcy5wbGFjZXMudjEuUGxhY2VzLlNlYXJjaFRleHQQAhgEIAA,,,0.62,ChIJy0kCibVfEEgRrmfdazSuVKQ,text:Celtic Submarine,a_appeler
entreprise_autre,Base Aéronavale de Lann Bihoué,,"D765, 56530 Quéven",http://www.defense.gouv.fr/,https://maps.google.com/?cid=2049654408609270310&g_mp=Cidnb29nbGUubWFwcy5wbGFjZXMudjEuUGxhY2VzLlNlYXJjaFRleHQQAhgEIAA,3.7,95,7.44,ChIJbYzv0Jf1EEgRJgp4OdPVcRw,text:chantier naval,a_appeler
