tournee_id,jour,zone,ilot,ordre,commerce,adresse,tel,lat,lng,statut,contact,prix_mois,frequence,heure,sepa,date_premier,date_contrat,acces,notes
T01,Mer,Ploemeur,2 Rue Saint-Bieuzy / 22 Pl. de l'Église,1,Joaillerie Elor,"2 Rue Saint-Bieuzy, 56270 Ploemeur, France",02 90 61 66 60,47.736173,-3.4280687,cible,,,,,,,,,
T01,Mer,Ploemeur,2 Rue Saint-Bieuzy / 22 Pl. de l'Église,2,Agence Immo,"22 Pl. de l'Église, 56270 Ploemeur, France",02 97 86 69 69,47.7362252,-3.4274267,cible,,,,,,,,,
T01,Mer,Ploemeur,2 Rue Saint-Bieuzy / 22 Pl. de l'Église,3,Ruseff & Latruffe Immobilier,"22 Pl. de l'Église, 56270 Ploemeur, France",02 97 86 69 69,47.7362252,-3.4274267,cible,,,,,,,,,
T01,Mer,Ploemeur,2 Rue Saint-Bieuzy / 22 Pl. de l'Église,4,Bizoù Caillou,"22 Pl. de l'Église, 56270 Ploemeur, France",02 97 35 43 21,47.736228,-3.4274898,cible,,,,,,,,,
T01,Mer,Ploemeur,2 Rue Saint-Bieuzy / 22 Pl. de l'Église,5,les passagers du vent,"22 Pl. de l'Église, 56270 Ploemeur, France",02 97 85 29 45,47.7362308,-3.4275529999999996,cible,,,,,,,,,
T01,Mer,Ploemeur,2 Rue Saint-Bieuzy / 22 Pl. de l'Église,6,Drean Pascal,"20 Pl. de l'Église, 56270 Ploemeur, France",02 97 86 28 48,47.736261299999995,-3.4279945000000005,cible,,,,,,,,,
T01,Mer,Ploemeur,2 Rue Saint-Bieuzy / 22 Pl. de l'Église,7,Little Italie,"4-2 Rue de Larmor, 56270 Ploemeur, France",02 97 86 14 14,47.7362697,-3.4269746,cible,,,,,,,,,
T01,Mer,Ploemeur,2 Rue Saint-Bieuzy / 22 Pl. de l'Église,8,Pharmacie de l'Eglise,"19 Pl. de l'Église, 56270 Ploemeur, France",02 97 86 32 49,47.7362985,-3.4281903999999996,cible,,,,,,,,,
T01,Mer,Ploemeur,2 Rue Saint-Bieuzy / 22 Pl. de l'Église,9,Art et Création,"24 Pl. de l'Église, 56270 Ploemeur, France",02 97 85 20 66,47.7363222,-3.4269936999999997,cible,,,,,,,,,
T01,Mer,Ploemeur,2 Rue Saint-Bieuzy / 22 Pl. de l'Église,10,Elo les Délices,"24 Pl. de l'Église, 56270 Ploemeur, France",06 10 84 43 67,47.7363222,-3.4269936999999997,cible,,,,,,,,,
T01,Mer,Ploemeur,2 Rue Saint-Bieuzy / 22 Pl. de l'Église,11,Crédit Maritime Grand Ouest,"21 Place de l''Eglise, 56270 Ploemeur, France",02 72 96 06 90,47.7363581,-3.4277737999999998,cible,,,,,,,,,
T01,Mer,Ploemeur,2 Rue Saint-Bieuzy / 22 Pl. de l'Église,12,Julie HAVET - VAULTIER IMMOBILIER - Frais d'agence fixes & réduits !,"Pl. de l'Église, 56270 Ploemeur, France",06 07 43 97 20,47.7363819,-3.427789,cible,,,,,,,,,
T02,Lun,Lorient-centre,7 Rue Léo le Bourgo / 11 Rue Léo le Bourgo,1,GEMMAE,"7 Rue Léo le Bourgo, 56100 Lorient, France",09 70 91 27 34,47.7486496,-3.3650271999999997,cible,,,,,,,,,
T02,Lun,Lorient-centre,7 Rue Léo le Bourgo / 11 Rue Léo le Bourgo,2,"Salvador - Déco, antiquités, art de la table, galerie d'art","7 Rue Léo le Bourgo, 56100 Lorient, France",02 97 35 01 93,47.7486496,-3.3650271999999997,cible,,,,,,,,,
T02,Lun,Lorient-centre,7 Rue Léo le Bourgo / 11 Rue Léo le Bourgo,3,La Petite Rue à Bora Bora,"11 Rue Léo le Bourgo, 56100 Lorient, France",02 97 86 12 74,47.7486526,-3.3644346,cible,,,,,,,,,
T02,Lun,Lorient-centre,7 Rue Léo le Bourgo / 11 Rue Léo le Bourgo,4,Le Clos Margaux LORIENT,"8 Rue Léo le Bourgo, 56100 Lorient, France",02 97 64 57 51,47.748683,-3.3646939999999996,cible,,,,,,,,,
T02,Lun,Lorient-centre,7 Rue Léo le Bourgo / 11 Rue Léo le Bourgo,5,Lazeo Lorient,"5 Pl. Aristide Briand, 56100 Lorient, France",02 57 67 05 57,47.748683899999996,-3.3641533999999997,cible,,,,,,,,,
T02,Lun,Lorient-centre,7 Rue Léo le Bourgo / 11 Rue Léo le Bourgo,6,By Sophie,"6 Rue Léo le Bourgo, 56100 Lorient, France",02 97 21 85 13,47.7487317,-3.3648499999999997,cible,,,,,,,,,
T02,Lun,Lorient-centre,7 Rue Léo le Bourgo / 11 Rue Léo le Bourgo,7,Barraine Immo - Agence immobilière à Lorient-Mairie,"13 bis Bd du Général Leclerc, 56100 Lorient, France",02 97 55 90 84,47.7487596,-3.3653872999999996,cible,,,,,,,,,
T02,Lun,Lorient-centre,7 Rue Léo le Bourgo / 11 Rue Léo le Bourgo,8,Louise. ( Restaurant & Cave à vin - Épicerie fine ),"4 Rue Léo le Bourgo, 56100 Lorient, France",02 97 84 72 12,47.748774399999995,-3.3649495999999997,cible,,,,,,,,,
T02,Lun,Lorient-centre,7 Rue Léo le Bourgo / 11 Rue Léo le Bourgo,9,ASSU 2000 Lorient,"2 Rue du Couëdic, 56100 Lorient, France",01 48 10 46 96,47.7487746,-3.3643902,cible,,,,,,,,,
T02,Lun,Lorient-centre,7 Rue Léo le Bourgo / 11 Rue Léo le Bourgo,10,Ruz,"3 Rue du Couëdic, 56100 Lorient, France",09 56 54 96 06,47.748791399999995,-3.3640661,cible,,,,,,,,,
T02,Lun,Lorient-centre,7 Rue Léo le Bourgo / 11 Rue Léo le Bourgo,11,L'épicerie by Louise.,"2 Rue Léo le Bourgo, 56100 Lorient, France",02 97 84 72 12,47.748835299999996,-3.3651042,cible,,,,,,,,,
T02,Lun,Lorient-centre,7 Rue Léo le Bourgo / 11 Rue Léo le Bourgo,12,Camille Albane,"2 Rue Léo le Bourgo, 56100 Lorient, France",02 97 21 04 44,47.7488622,-3.3651939,cible,,,,,,,,,
T03,Jeu,Hennebont,7 Rue Trottier / 14 Pl. Maréchal Foch,1,Lucas sandwichs & burgers,"7 Rue Trottier, 56700 Hennebont, France",09 83 94 30 68,47.805413599999994,-3.2779495,cible,,,,,,,,,
T03,Jeu,Hennebont,7 Rue Trottier / 14 Pl. Maréchal Foch,2,le spot,"14 Pl. Maréchal Foch, 56700 Hennebont, France",02 97 36 22 19,47.8054181,-3.2765711000000004,cible,,,,,,,,,
T03,Jeu,Hennebont,7 Rue Trottier / 14 Pl. Maréchal Foch,3,LE BEC Immobilier HENNEBONT,"4 Pl. Maréchal Foch, 56700 Hennebont, France",02 97 36 87 99,47.805422,-3.2770373,cible,,,,,,,,,
T03,Jeu,Hennebont,7 Rue Trottier / 14 Pl. Maréchal Foch,4,Le Pain Doré,"8 Pl. Maréchal Foch, 56700 Hennebont, France",02 97 36 22 65,47.805440999999995,-3.2767633999999997,cible,,,,,,,,,
T03,Jeu,Hennebont,7 Rue Trottier / 14 Pl. Maréchal Foch,5,MAP Immobilier Hennebont - Achat & Vente,"1 Rue Trottier, 56700 Hennebont, France",02 97 36 20 04,47.805459899999995,-3.2774774,cible,,,,,,,,,
T03,Jeu,Hennebont,7 Rue Trottier / 14 Pl. Maréchal Foch,6,Angel,"3 Rue Trottier, 56700 Hennebont, France",02 97 85 53 21,47.805493399999996,-3.2776543,cible,,,,,,,,,
T03,Jeu,Hennebont,7 Rue Trottier / 14 Pl. Maréchal Foch,7,For Men,"3 Pl. Maréchal Foch, 56700 Hennebont, France",02 97 85 10 76,47.8057343,-3.276287,cible,,,,,,,,,
T03,Jeu,Hennebont,7 Rue Trottier / 14 Pl. Maréchal Foch,8,Chic Choc Coiffure Esthétique,"1 Pl. Maréchal Foch, 56700 Hennebont, France",02 97 85 06 29,47.805768699999994,-3.2767025999999997,cible,,,,,,,,,
T03,Jeu,Hennebont,7 Rue Trottier / 14 Pl. Maréchal Foch,9,Rapid Couture - Hennebont,"2 bis Rue Maréchal Joffre, 56700 Hennebont, France",02 97 55 72 08,47.8058288,-3.2768267,cible,,,,,,,,,
T03,Jeu,Hennebont,7 Rue Trottier / 14 Pl. Maréchal Foch,10,La casa Nonna - Pizzéria / Restaurant / Grill,"5 Rue Maréchal Joffre, 56700 Hennebont, France",06 37 28 90 67,47.805870999999996,-3.277942,cible,,,,,,,,,
T03,Jeu,Hennebont,7 Rue Trottier / 14 Pl. Maréchal Foch,11,Bernard Chausseur,"15 Rue Maréchal Joffre, 56700 Hennebont, France",02 97 36 12 41,47.8058844,-3.2773703999999997,cible,,,,,,,,,
T03,Jeu,Hennebont,7 Rue Trottier / 14 Pl. Maréchal Foch,12,Diabolo,"17 Rue Maréchal Joffre, 56700 Hennebont, France",02 97 36 40 05,47.8058997,-3.2772593,cible,,,,,,,,,
T03,Jeu,Hennebont,7 Rue Trottier / 14 Pl. Maréchal Foch,13,Banque Populaire Grand Ouest,"1 Rue Maréchal Joffre, 56700 Hennebont, France",02 72 96 10 40,47.8059266,-3.2783309999999997,cible,,,,,,,,,
T03,Jeu,Hennebont,7 Rue Trottier / 14 Pl. Maréchal Foch,14,Restaurant La Madone Pizzeria à emporter Hennebont : Pizzas/Crousty Madone/Ciabatta,"19 Rue Maréchal Joffre, 56700 Hennebont, France",02 97 85 07 17,47.8059339,-3.2770993,cible,,,,,,,,,
T03,Jeu,Hennebont,7 Rue Trottier / 14 Pl. Maréchal Foch,15,Find Your Shoes,"1 Rue Maréchal Joffre, 56700 Hennebont, France",06 40 12 33 22,47.805938,-3.2783111999999996,cible,,,,,,,,,
T04,Mer,Larmor-Plage,1 Place Notre Dame / 2 Place Notre Dame,1,Carou Joaillier,"1 Place Notre Dame, 56260 Larmor-Plage, France",09 62 00 97 97,47.705919800000004,-3.3832617,cible,,,,,,,,,
T04,Mer,Larmor-Plage,1 Place Notre Dame / 2 Place Notre Dame,2,Crédit Mutuel de Bretagne LARMOR PLAGE,"2 Place Notre Dame, 56260 Larmor-Plage, France",02 97 84 29 00,47.706023099999996,-3.3828533999999997,cible,,,,,,,,,
T04,Mer,Larmor-Plage,1 Place Notre Dame / 2 Place Notre Dame,3,Le Péché Mignon,"2 Rue du Port, 56260 Larmor-Plage, France",02 97 65 55 65,47.7061516,-3.3820199,cible,,,,,,,,,
T04,Mer,Larmor-Plage,1 Place Notre Dame / 2 Place Notre Dame,4,SG,"1 Rue des 4 Frères Le Roy/Quéret, 56260 Larmor-Plage, France",02 97 86 33 30,47.7061725,-3.3831427,cible,,,,,,,,,
T04,Mer,Larmor-Plage,1 Place Notre Dame / 2 Place Notre Dame,5,Lodge Properties,"12 Place Notre Dame, 56260 Larmor-Plage, France",06 44 27 26 03,47.706223099999995,-3.3826323,cible,,,,,,,,,
T04,Mer,Larmor-Plage,1 Place Notre Dame / 2 Place Notre Dame,6,Le One bis COIFFEUR VISAGISTE,"1bis Rue des 4 Frères Le Roy/Quéret, 56260 Larmor-Plage, France",02 97 33 69 15,47.7062248,-3.3832285,cible,,,,,,,,,
T04,Mer,Larmor-Plage,1 Place Notre Dame / 2 Place Notre Dame,7,Utile Larmor-Plage,"12 Place Notre Dame, 56260 Larmor-Plage, France",02 97 65 62 80,47.7062337,-3.3825743999999998,cible,,,,,,,,,
T04,Mer,Larmor-Plage,1 Place Notre Dame / 2 Place Notre Dame,8,Larmorimmo.Com,"3 Rue des 4 Frères Le Roy/Quéret, 56260 Larmor-Plage, France",02 97 33 64 48,47.706257099999995,-3.3833006,cible,,,,,,,,,
T04,Mer,Larmor-Plage,1 Place Notre Dame / 2 Place Notre Dame,9,Jérôme le Teuff Pâtissier Chocolatier Larmor-Plage,"10 Place Notre Dame, 56260 Larmor-Plage, France",02 97 11 89 25,47.7062732,-3.3824509999999997,cible,,,,,,,,,
T04,Mer,Larmor-Plage,1 Place Notre Dame / 2 Place Notre Dame,10,Rebel - Fleuriste Larmor Plage,"2 Bd de Toulhars, 56260 Larmor-Plage, France",02 97 33 77 55,47.706316,-3.3822642,cible,,,,,,,,,
T04,Mer,Larmor-Plage,1 Place Notre Dame / 2 Place Notre Dame,11,L' Agence by Imwest,"3 Rue des 4 Frères Le Roy/Quéret, 56260 Larmor-Plage, France",02 97 82 52 78,47.7063511,-3.3831875,cible,,,,,,,,,
T04,Mer,Larmor-Plage,1 Place Notre Dame / 2 Place Notre Dame,12,Ruseff & Latruffe Immobilier,"4 Rue des 4 Frères Le Roy/Quéret, 56260 Larmor-Plage, France",02 97 84 30 03,47.7063767,-3.3836777,cible,,,,,,,,,
T05,Lun,Lorient-centre,6 Av. du Faouédic / 7 Bd du Général Leclerc,1,Donuts gang,"6 Av. du Faouédic, 56100 Lorient, France",09 54 41 04 58,47.7483547,-3.3646428,cible,,,,,,,,,
T05,Lun,Lorient-centre,6 Av. du Faouédic / 7 Bd du Général Leclerc,2,Century 21 Immobilier Diffusion Lorient,"7 Bd du Général Leclerc, 56100 Lorient, France",02 97 21 82 47,47.748371999999996,-3.3651359999999997,cible,,,,,,,,,
T05,Lun,Lorient-centre,6 Av. du Faouédic / 7 Bd du Général Leclerc,3,L'escale grill,"8 Av. du Faouédic, 56100 Lorient, France",09 84 42 55 00,47.7484265,-3.3645799999999997,cible,,,,,,,,,
T05,Lun,Lorient-centre,6 Av. du Faouédic / 7 Bd du Général Leclerc,4,Bar Le Parisien,"15 Rue Léo le Bourgo, 56100 Lorient, France",02 56 54 58 61,47.7484507,-3.3644393,cible,,,,,,,,,
T05,Lun,Lorient-centre,6 Av. du Faouédic / 7 Bd du Général Leclerc,5,AUDITION CONSEIL LORIENT,"1 Bd du Général Leclerc, 56100 Lorient, France",02 97 82 45 13,47.7484664,-3.3657062,cible,,,,,,,,,
T05,Lun,Lorient-centre,6 Av. du Faouédic / 7 Bd du Général Leclerc,6,Design hair,"15 Rue Léo le Bourgo, 56100 Lorient, France",02 97 64 36 49,47.748467399999996,-3.3644982999999997,cible,,,,,,,,,
T05,Lun,Lorient-centre,6 Av. du Faouédic / 7 Bd du Général Leclerc,7,L'Immobilière d'Entreprise,"9 Bd du Général Leclerc, 56100 Lorient, France",02 97 84 12 34,47.748484,-3.365278,cible,,,,,,,,,
T05,Lun,Lorient-centre,6 Av. du Faouédic / 7 Bd du Général Leclerc,8,Joya,"11 Rue Léo le Bourgo, 56100 Lorient, France",09 71 46 37 86,47.748534199999995,-3.3648523000000004,cible,,,,,,,,,
T05,Lun,Lorient-centre,6 Av. du Faouédic / 7 Bd du Général Leclerc,9,Ed’A Barber Lorient,"11 Bd du Général Leclerc, 56100 Lorient, France",09 51 91 93 36,47.748560499999996,-3.3653231,cible,,,,,,,,,
T05,Lun,Lorient-centre,6 Av. du Faouédic / 7 Bd du Général Leclerc,10,Mino,"13 Rue Léo le Bourgo, 56100 Lorient, France",02 97 21 41 30,47.748562799999995,-3.3647087000000004,cible,,,,,,,,,
T05,Lun,Lorient-centre,6 Av. du Faouédic / 7 Bd du Général Leclerc,11,Evasion,"9 Pl. Aristide Briand, 56100 Lorient, France",02 97 21 77 76,47.7485752,-3.3637967,cible,,,,,,,,,
T05,Lun,Lorient-centre,6 Av. du Faouédic / 7 Bd du Général Leclerc,12,LE LODGE Bar & Brasserie,"5 Pl. Aristide Briand, 56100 Lorient, France",09 54 75 32 65,47.748613399999996,-3.3644730999999997,cible,,,,,,,,,
T06,Jeu,Queven,19 Rue Jean Jaurès / 22 Rue Jean Jaurès,1,Dugué François,"19 Rue Jean Jaurès, 56530 Quéven, France",02 97 05 07 12,47.788595199999996,-3.4158839999999997,cible,,,,,,,,,
T06,Jeu,Queven,19 Rue Jean Jaurès / 22 Rue Jean Jaurès,2,Le Salon - Quéven,"19 Rue Jean Jaurès, 56530 Quéven, France",02 97 05 10 84,47.788595199999996,-3.4158839999999997,cible,,,,,,,,,
T06,Jeu,Queven,19 Rue Jean Jaurès / 22 Rue Jean Jaurès,3,La Dolce Vita,"22 Rue Jean Jaurès, 56530 Quéven, France",02 97 05 24 54,47.7886538,-3.4162402000000003,cible,,,,,,,,,
T06,Jeu,Queven,19 Rue Jean Jaurès / 22 Rue Jean Jaurès,4,Sonance Audition - Thibaut Derré et Naïs Le Bourhis - Audioprothésistes D.E.,"2 bis Pl. de la Ville de Toulouse, 56530 Quéven, France",02 97 89 27 24,47.7886556,-3.4156586,cible,,,,,,,,,
T06,Jeu,Queven,19 Rue Jean Jaurès / 22 Rue Jean Jaurès,5,Bougainvillée SARL,"2 Bis Pl. de la Ville de Toulouse, 56530 Quéven, France",02 97 05 36 98,47.788708199999995,-3.4155849,cible,,,,,,,,,
T06,Jeu,Queven,19 Rue Jean Jaurès / 22 Rue Jean Jaurès,6,Declic Micro Informatique,"2 bis Rue Dr Dieny, 56530 Quéven, France",02 97 05 04 04,47.7887625,-3.4173644999999997,cible,,,,,,,,,
T06,Jeu,Queven,19 Rue Jean Jaurès / 22 Rue Jean Jaurès,7,Ludovic Bouillot - BSK Immobilier,"Ludovic Bouillot BSK IMMOBILIER, 56530 Quéven, France",06 64 41 75 96,47.7888868,-3.4160139999999997,cible,,,,,,,,,
T06,Jeu,Queven,19 Rue Jean Jaurès / 22 Rue Jean Jaurès,8,Banque Populaire Grand Ouest,"22 Place de Toulouse, 56530 Quéven, France",02 72 96 10 30,47.789029299999996,-3.4156546999999997,cible,,,,,,,,,
T06,Jeu,Queven,19 Rue Jean Jaurès / 22 Rue Jean Jaurès,9,Crédit Maritime Grand Ouest,"22 Place de Toulouse, 56530 Quéven, France",02 72 96 10 30,47.7890344,-3.4156500000000003,cible,,,,,,,,,
T06,Jeu,Queven,19 Rue Jean Jaurès / 22 Rue Jean Jaurès,10,Chez Capucine,"30 Pl. de la Ville de Toulouse 8, 56530 Quéven, France",02 97 50 82 71,47.7890802,-3.4156218999999997,cible,,,,,,,,,
T06,Jeu,Queven,19 Rue Jean Jaurès / 22 Rue Jean Jaurès,11,MG COIFFURE,"8 Pl. de la Ville de Toulouse, 56530 Quéven, France",02 97 05 46 73,47.789086999999995,-3.4156929999999996,cible,,,,,,,,,
T06,Jeu,Queven,19 Rue Jean Jaurès / 22 Rue Jean Jaurès,12,Coup de Peigne,"2 Rue de la Gare, 56530 Quéven, France",02 97 05 03 83,47.7891241,-3.4154856999999996,cible,,,,,,,,,
T07,Ven,Auray,Place Notre Dame / 58 Pl. de la République,1,Benellina,"Place Notre Dame, 56400 Auray, France",06 22 59 28 03,47.666451699999996,-2.9838152,cible,,,,,,,,,
T07,Ven,Auray,Place Notre Dame / 58 Pl. de la République,2,Pokou Breizh crêperie Auray,"58 Pl. de la République, 56400 Auray, France",07 62 56 62 05,47.6664913,-2.9840524,cible,,,,,,,,,
T07,Ven,Auray,Place Notre Dame / 58 Pl. de la République,3,Arnaud Lamour - Conseiller immobilier SAFTI - Auray,"100 Pl. de la République, 56400 Auray, France",06 35 35 79 83,47.66649160000001,-2.9838386999999997,cible,,,,,,,,,
T07,Ven,Auray,Place Notre Dame / 58 Pl. de la République,4,Madel - Traiteur Végétarien,"100 Pl. de la République, 56400 Auray, France",07 60 45 08 98,47.66649160000001,-2.9838386999999997,cible,,,,,,,,,
T07,Ven,Auray,Place Notre Dame / 58 Pl. de la République,5,Bar /Tabac Le Wilson,"5 Av. Wilson, 56400 Auray, France",02 97 24 36 47,47.6665444,-2.9824789,cible,,,,,,,,,
T07,Ven,Auray,Place Notre Dame / 58 Pl. de la République,6,La Mie Câline,"12 Pl. de la République, 56400 Auray, France",02 97 56 48 18,47.6665449,-2.9829586999999997,cible,,,,,,,,,
T07,Ven,Auray,Place Notre Dame / 58 Pl. de la République,7,French Coffee Shop,"6 Pl. de la République, 56400 Auray, France",02 97 29 68 69,47.666586099999996,-2.9827475,cible,,,,,,,,,
T07,Ven,Auray,Place Notre Dame / 58 Pl. de la République,8,All'Océan - Vêtements marins - Auray,"24 Pl. de la République, 56400 Auray, France",09 56 65 25 39,47.66659,-2.9833442999999997,cible,,,,,,,,,
T07,Ven,Auray,Place Notre Dame / 58 Pl. de la République,9,Arthur Colley Immobilier,"Rue des Fèves, 56400 Auray, France",06 98 82 17 50,47.666623099999995,-2.9845842,cible,,,,,,,,,
T07,Ven,Auray,Place Notre Dame / 58 Pl. de la République,10,Franck Provost - Coiffeur Auray,"30 Pl. de la République, 56400 Auray, France",02 97 56 32 16,47.666623099999995,-2.9835678999999997,cible,,,,,,,,,
T07,Ven,Auray,Place Notre Dame / 58 Pl. de la République,11,CIC,"20 Pl. de la République, 56400 Auray, France",02 97 35 00 03,47.666655299999995,-2.9832636,cible,,,,,,,,,
T07,Ven,Auray,Place Notre Dame / 58 Pl. de la République,12,Mutuelle de Poitiers Assurances - Ingrid LOISEAU,"7 Av. Wilson, 56400 Auray, France",02 97 29 40 12,47.6666588,-2.9824045999999997,cible,,,,,,,,,
T08,Mer,Guidel,1 Rue du Puits / 5 Pl. Jaffré,1,AGENCE GUIDE IMMOBILIER,"1 Rue du Puits, 56520 Guidel, France",02 97 02 70 00,47.7899702,-3.4886098,cible,,,,,,,,,
T08,Mer,Guidel,1 Rue du Puits / 5 Pl. Jaffré,2,FEUILLES ET FLEURS GUIDEL,"5 Pl. Jaffré, 56520 Guidel, France",09 53 90 91 90,47.790009399999995,-3.4873965,cible,,,,,,,,,
T08,Mer,Guidel,1 Rue du Puits / 5 Pl. Jaffré,3,Brillais Nicolas Paul Gilbert,"3 Rue Marc Mouello, 56520 Guidel, France",02 97 02 70 39,47.790073199999995,-3.4869822,cible,,,,,,,,,
T08,Mer,Guidel,1 Rue du Puits / 5 Pl. Jaffré,4,Coiffure Homme Nicolas.B.,"3 Rue Marc Mouello, 56520 Guidel, France",02 97 02 70 39,47.790073199999995,-3.4869822,cible,,,,,,,,,
T08,Mer,Guidel,1 Rue du Puits / 5 Pl. Jaffré,5,Rayon de soleil,"3 Rue Marc Mouello, 56520 Guidel, France",02 59 16 59 95,47.790073199999995,-3.4869822,cible,,,,,,,,,
T08,Mer,Guidel,1 Rue du Puits / 5 Pl. Jaffré,6,Agence immobilière Laforêt Guidel,"5 Pl. Jaffré, 56520 Guidel, France",02 97 89 30 35,47.7900795,-3.4877100999999997,cible,,,,,,,,,
T08,Mer,Guidel,1 Rue du Puits / 5 Pl. Jaffré,7,Pharmacie du centre de Guidel,"6 Pl. Jaffré, 56520 Guidel, France",02 97 65 98 27,47.790129099999994,-3.4876840999999996,cible,,,,,,,,,
T08,Mer,Guidel,1 Rue du Puits / 5 Pl. Jaffré,8,La Villa Toscane,"15 Pl. Jaffré, 56520 Guidel, France",02 97 65 07 31,47.7901817,-3.4884529,cible,,,,,,,,,
T08,Mer,Guidel,1 Rue du Puits / 5 Pl. Jaffré,9,SG,"4 B Rue du Puits, 56520 Guidel, France",02 97 02 97 30,47.790208,-3.4889129999999997,cible,,,,,,,,,
T08,Mer,Guidel,1 Rue du Puits / 5 Pl. Jaffré,10,Chez Rudy,"13 Pl. Jaffré, 56520 Guidel, France",02 97 02 91 86,47.7903295,-3.4883994000000005,cible,,,,,,,,,
T08,Mer,Guidel,1 Rue du Puits / 5 Pl. Jaffré,11,Ruseff & Latruffe Immobilier,"13 Pl. Jaffré, 56520 Guidel, France",02 97 81 81 12,47.7903388,-3.4884047999999996,cible,,,,,,,,,
T08,Mer,Guidel,1 Rue du Puits / 5 Pl. Jaffré,12,Rentals France,"9 Rue de Saint-Maurice, 56520 Guidel, France",09 71 00 56 00,47.790435699999996,-3.4891167999999997,cible,,,,,,,,,
T09,Jeu,Hennebont,8 Rue du Puits Ferré / 21 Rue Trottier,1,Les Lunettes d'Hennebont,"8 Rue du Puits Ferré, 56700 Hennebont, France",02 97 36 21 86,47.8048899,-3.2774752,cible,,,,,,,,,
T09,Jeu,Hennebont,8 Rue du Puits Ferré / 21 Rue Trottier,2,MHAJ Immobilier Hennebont,"21 Rue Trottier, 56700 Hennebont, France",02 30 91 93 66,47.8048924,-3.2785846999999997,cible,,,,,,,,,
T09,Jeu,Hennebont,8 Rue du Puits Ferré / 21 Rue Trottier,3,Nuances by M,"8 Rue du Puits Ferré, 56700 Hennebont, France",02 97 37 44 14,47.804918799999996,-3.2775016999999997,cible,,,,,,,,,
T09,Jeu,Hennebont,8 Rue du Puits Ferré / 21 Rue Trottier,4,Pub O'Sullivans,"8 Rue Edouard Herriot, 56700 Hennebont, France",02 97 36 53 78,47.8049708,-3.2779279999999997,cible,,,,,,,,,
T09,Jeu,Hennebont,8 Rue du Puits Ferré / 21 Rue Trottier,5,Roule Ma Poule KIDS,"9 Pl. du Général de Gaulle, 56700 Hennebont, France",02 97 30 06 32,47.805047,-3.2767375999999997,cible,,,,,,,,,
T09,Jeu,Hennebont,8 Rue du Puits Ferré / 21 Rue Trottier,6,La Fleur de Blé,"4 Rue Edouard Herriot, 56700 Hennebont, France",02 97 85 57 70,47.8050575,-3.2777095,cible,,,,,,,,,
T09,Jeu,Hennebont,8 Rue du Puits Ferré / 21 Rue Trottier,7,Le Zinc,"7 Pl. du Général de Gaulle, 56700 Hennebont, France",02 97 36 46 73,47.805063,-3.2768800000000002,cible,,,,,,,,,
T09,Jeu,Hennebont,8 Rue du Puits Ferré / 21 Rue Trottier,8,Thélem assurances Hennebont,"6 Rue du Puits Ferré, 56700 Hennebont, France",02 97 85 59 59,47.8051111,-3.2775238,cible,,,,,,,,,
T09,Jeu,Hennebont,8 Rue du Puits Ferré / 21 Rue Trottier,9,ZA TORIKO-Restaurant Traiteur Asiatique-Japonais-Coréen « Reconnu Gault & Millau juin 2026/2027 »🇰🇭🇯🇵🇰🇷✨✨✨✨✨,"3 Rue du Puits Ferré, 56700 Hennebont, France",09 80 86 44 92,47.8051879,-3.2772223,cible,,,,,,,,,
T09,Jeu,Hennebont,8 Rue du Puits Ferré / 21 Rue Trottier,10,Aréas Assurances Yvonnick YOUF,"11 Rue Trottier, 56700 Hennebont, France",02 97 36 22 78,47.8053374,-3.2781156,cible,,,,,,,,,
T09,Jeu,Hennebont,8 Rue du Puits Ferré / 21 Rue Trottier,11,LE HENNEBONTAISE,"8 Pl. Maréchal Foch, 56700 Hennebont, France",02 97 36 22 65,47.805390599999996,-3.2767689,cible,,,,,,,,,
T09,Jeu,Hennebont,8 Rue du Puits Ferré / 21 Rue Trottier,12,Star Istanbul,"18 Pl. Maréchal Foch, 56700 Hennebont, France",09 52 93 05 39,47.8053907,-3.276264,cible,,,,,,,,,
T10,Mer,Ploemeur,11 Rue de Larmor / 11 Rue Saint-Bieuzy,1,MMA Assurances PLOEMEUR,"11 Rue de Larmor, 56270 Ploemeur, France",02 97 86 16 00,47.7358439,-3.4263611,cible,,,,,,,,,
T10,Mer,Ploemeur,11 Rue de Larmor / 11 Rue Saint-Bieuzy,2,Saxo,"11 Rue Saint-Bieuzy, 56270 Ploemeur, France",02 97 86 38 46,47.7358477,-3.4287984999999996,cible,,,,,,,,,
T10,Mer,Ploemeur,11 Rue de Larmor / 11 Rue Saint-Bieuzy,3,L'Empreinte Chaussure,"8 Rue Saint-Bieuzy, 56270 Ploemeur, France",02 97 86 09 49,47.7358583,-3.4284114,cible,,,,,,,,,
T10,Mer,Ploemeur,11 Rue de Larmor / 11 Rue Saint-Bieuzy,4,Agence Groupama Ploemeur,"9 Rue de Larmor, 56270 Ploemeur, France",02 97 86 31 14,47.7358985,-3.4266465,cible,,,,,,,,,
T10,Mer,Ploemeur,11 Rue de Larmor / 11 Rue Saint-Bieuzy,5,AB Immo,"7 Rue Saint-Bieuzy, 56270 Ploemeur, France",02 97 82 98 13,47.7359228,-3.4286212999999996,cible,,,,,,,,,
T10,Mer,Ploemeur,11 Rue de Larmor / 11 Rue Saint-Bieuzy,6,MAISON CRESPIN,"1 Rue de Larmor, 56270 Ploemeur, France",02 97 86 33 16,47.736047799999994,-3.4270437,cible,,,,,,,,,
T10,Mer,Ploemeur,11 Rue de Larmor / 11 Rue Saint-Bieuzy,7,Seconde Peau,"4 Rue Saint-Bieuzy, 56270 Ploemeur, France",09 56 53 54 72,47.7360773,-3.4281696,cible,,,,,,,,,
T10,Mer,Ploemeur,11 Rue de Larmor / 11 Rue Saint-Bieuzy,8,FEUILLES ET FLEURS PLOEMEUR,"8 Rue de Kervam, 56270 Ploemeur, France",09 84 20 69 89,47.7361094,-3.4275403,cible,,,,,,,,,
T10,Mer,Ploemeur,11 Rue de Larmor / 11 Rue Saint-Bieuzy,9,Coiffeur visagiste Feeling,"6 Rue de Kervam, 56270 Ploemeur, France",02 97 85 22 94,47.736113599999996,-3.4274514999999997,cible,,,,,,,,,
T10,Mer,Ploemeur,11 Rue de Larmor / 11 Rue Saint-Bieuzy,10,Banque Populaire Grand Ouest,"4 Rue de Larmor, 56270 Ploemeur, France",02 72 96 06 90,47.7361194,-3.4265318,cible,,,,,,,,,
T10,Mer,Ploemeur,11 Rue de Larmor / 11 Rue Saint-Bieuzy,11,Restaurant Le Paradou,"3 Rue Saint-Bieuzy, 56270 Ploemeur, France",02 97 86 27 70,47.7361631,-3.4285511,cible,,,,,,,,,
T10,Mer,Ploemeur,11 Rue de Larmor / 11 Rue Saint-Bieuzy,12,Crédit Mutuel de Bretagne PLOEMEUR,"Pl. de l'Église, 56270 Ploemeur, France",02 97 86 49 00,47.73617,-3.4272039999999997,cible,,,,,,,,,
T11,Ven,Auray,68 Pl. de la République 72 / 3 Rue Philippe Vannier,1,AU PETIT PRINCE - AURAY,"68 Pl. de la République 72, 56400 Auray, France",02 97 58 82 70,47.6668327,-2.9845764,cible,,,,,,,,,
T11,Ven,Auray,68 Pl. de la République 72 / 3 Rue Philippe Vannier,2,Brocante La malle de louise,"3 Rue Philippe Vannier, 56400 Auray, France",07 60 04 77 75,47.666843899999996,-2.9822401,cible,,,,,,,,,
T11,Ven,Auray,68 Pl. de la République 72 / 3 Rue Philippe Vannier,3,Bréal,"44 Pl. de la République, 56400 Auray, France",02 30 17 00 30,47.6668496,-2.9838997,cible,,,,,,,,,
T11,Ven,Auray,68 Pl. de la République 72 / 3 Rue Philippe Vannier,4,Pharmacie des Halles Anton&Willem - Herboristerie,"48 Pl. de la République, 56400 Auray, France",02 97 24 03 43,47.666877,-2.9840047999999997,cible,,,,,,,,,
T11,Ven,Auray,68 Pl. de la République 72 / 3 Rue Philippe Vannier,5,RougeGorge Lingerie,"62 Pl. de la République 0 0 0, 56400 Auray, France",02 97 59 39 62,47.6668843,-2.9844144999999997,cible,,,,,,,,,
T11,Ven,Auray,68 Pl. de la République 72 / 3 Rue Philippe Vannier,6,Le Bruit des Vagues,"60 Pl. de la République, 56400 Auray, France",09 52 80 49 66,47.666927,-2.9844329999999997,cible,,,,,,,,,
T11,Ven,Auray,68 Pl. de la République 72 / 3 Rue Philippe Vannier,7,O’BARBER BY OSMAN KOCA,"21 Av. Wilson, 56400 Auray, France",07 59 68 56 84,47.666961199999996,-2.9817240999999997,cible,,,,,,,,,
T11,Ven,Auray,68 Pl. de la République 72 / 3 Rue Philippe Vannier,8,Agence Nestenn Immobilier Auray,"23 Av. Wilson, 56400 Auray, France",02 97 59 33 33,47.666984899999996,-2.981567,cible,,,,,,,,,
T11,Ven,Auray,68 Pl. de la République 72 / 3 Rue Philippe Vannier,9,Iles Terres Et Mers,"23 23 Av. Wilson, 56400 Auray, France",02 97 59 33 34,47.667017699999995,-2.9816323,cible,,,,,,,,,
T11,Ven,Auray,68 Pl. de la République 72 / 3 Rue Philippe Vannier,10,Agence Gauter J et Cie SA,"54 Pl. de la République, 56400 Auray, France",02 97 24 11 62,47.667029,-2.984258,cible,,,,,,,,,
T11,Ven,Auray,68 Pl. de la République 72 / 3 Rue Philippe Vannier,11,Chaussures Bellouard,"2 Rue Jean Marie Barre, 56400 Auray, France",02 97 52 00 51,47.667056800000005,-2.9844342,cible,,,,,,,,,
T11,Ven,Auray,68 Pl. de la République 72 / 3 Rue Philippe Vannier,12,L'Lui Coiffure,"25 Av. Wilson, 56400 Auray, France",02 97 24 11 88,47.6671085,-2.9815036999999998,cible,,,,,,,,,
T12,Ven,Auray,1 Rue du Père Éternel / 7 Pl. de la République,1,O FIL DE L'HISTOIRE,"1 Rue du Père Éternel, 56400 Auray, France",06 37 57 02 51,47.6662646,-2.9823171,cible,,,,,,,,,
T12,Ven,Auray,1 Rue du Père Éternel / 7 Pl. de la République,2,BOUYGUES TELECOM AURAY,"7 Pl. de la République, 56400 Auray, France",09 86 01 05 41,47.6662785,-2.9827646,cible,,,,,,,,,
T12,Ven,Auray,1 Rue du Père Éternel / 7 Pl. de la République,3,Sébastien LEHEBEL e-mobilier.fr,"7 Pl. de la République, 56400 Auray, France",06 32 50 77 71,47.666306999999996,-2.982745,cible,,,,,,,,,
T12,Ven,Auray,1 Rue du Père Éternel / 7 Pl. de la République,4,La Fromentine,"10 Rue du Château, 56400 Auray, France",02 97 29 18 29,47.666318399999994,-2.9820625,cible,,,,,,,,,
T12,Ven,Auray,1 Rue du Père Éternel / 7 Pl. de la République,5,Maison de la Presse,"5 Pl. de la République, 56400 Auray, France",02 97 24 11 52,47.666319699999995,-2.9825247,cible,,,,,,,,,
T12,Ven,Auray,1 Rue du Père Éternel / 7 Pl. de la République,6,Preti & co restaurant Auray,"6 Rue du Château, 56400 Auray, France",02 97 14 03 37,47.6663271,-2.9821497999999997,cible,,,,,,,,,
T12,Ven,Auray,1 Rue du Père Éternel / 7 Pl. de la République,7,Ailleurs Café - Café Librairie,"28 Rue du Château, 56400 Auray, France",02 97 58 04 74,47.666331199999995,-2.9810882,cible,,,,,,,,,
T12,Ven,Auray,1 Rue du Père Éternel / 7 Pl. de la République,8,Crédit Maritime Grand Ouest,"47 Pl. de la République, 56400 Auray, France",02 72 96 03 40,47.666400599999996,-2.9842218999999996,cible,,,,,,,,,
T12,Ven,Auray,1 Rue du Père Éternel / 7 Pl. de la République,9,Au Pavillon,"3 Pl. de la République, 56400 Auray, France",02 97 24 04 81,47.666420099999996,-2.9824444,cible,,,,,,,,,
T12,Ven,Auray,1 Rue du Père Éternel / 7 Pl. de la République,10,Aurélien Méru SAFTI,"Place de l'hôtel de ville, 56400 Auray, France",06 87 46 83 50,47.666430999999996,-2.9833461,cible,,,,,,,,,
T12,Ven,Auray,1 Rue du Père Éternel / 7 Pl. de la République,11,Chez Clem bar à huîtres,"Les Halles, Pl. de la République, 56400 Auray, France",06 60 97 13 33,47.6664368,-2.9838582,cible,,,,,,,,,
T12,Ven,Auray,1 Rue du Père Éternel / 7 Pl. de la République,12,Librairie Vent De Soleil,"17 Rue du Château, 56400 Auray, France",02 97 56 69 11,47.6664428,-2.981727,cible,,,,,,,,,
T13,Mer,Ploemeur,25 Pl. de l'Église / 9 Rue Sainte-Anne,1,Franck reland immobilier,"25 Pl. de l'Église, 56270 Ploemeur, France",02 97 86 47 40,47.7364447,-3.4269601000000005,cible,,,,,,,,,
T13,Mer,Ploemeur,25 Pl. de l'Église / 9 Rue Sainte-Anne,2,CIC,"9 Rue Sainte-Anne, 56270 Ploemeur, France",02 97 78 54 05,47.7365098,-3.4262471999999997,cible,,,,,,,,,
T13,Mer,Ploemeur,25 Pl. de l'Église / 9 Rue Sainte-Anne,3,CHEZ MON COIFFEUR - PLOEMEUR,"1 Rue Sainte-Anne, 56270 Ploemeur, France",02 97 86 09 09,47.736531,-3.426942,cible,,,,,,,,,
T13,Mer,Ploemeur,25 Pl. de l'Église / 9 Rue Sainte-Anne,4,Le 7 à ploemeur,"7 Rue Sainte-Anne, 56270 Ploemeur, France",02 97 56 19 26,47.736544699999996,-3.4264414,cible,,,,,,,,,
T13,Mer,Ploemeur,25 Pl. de l'Église / 9 Rue Sainte-Anne,5,La Librairie d'Amélie,"3 Rue Sainte-Anne, 56270 Ploemeur, France",02 59 16 18 99,47.736558099999996,-3.4267125,cible,,,,,,,,,
T13,Mer,Ploemeur,25 Pl. de l'Église / 9 Rue Sainte-Anne,6,Bar PMU Le Terminus,"2 Pl. de l'Église, 56270 Ploemeur, France",02 97 86 32 34,47.736621899999996,-3.4270307000000004,cible,,,,,,,,,
T13,Mer,Ploemeur,25 Pl. de l'Église / 9 Rue Sainte-Anne,7,Le Galion,"14 Rue Sainte-Anne, 56270 Ploemeur, France",02 22 21 74 07,47.736697199999995,-3.4258360999999997,cible,,,,,,,,,
T13,Mer,Ploemeur,25 Pl. de l'Église / 9 Rue Sainte-Anne,8,Agence immobilière Century21 Ploemeur Immobilier,"5 Pl. Jean Falquerho, 56270 Ploemeur, France",02 97 85 20 35,47.736755699999996,-3.4287777,cible,,,,,,,,,
T13,Mer,Ploemeur,25 Pl. de l'Église / 9 Rue Sainte-Anne,9,Ecume Givrée,"06 Rue Sainte-Anne, 56270 Ploemeur, France",02 97 86 32 90,47.7367585,-3.4266802,cible,,,,,,,,,
T13,Mer,Ploemeur,25 Pl. de l'Église / 9 Rue Sainte-Anne,10,Cafe de L Eglise,"4 Pl. de l'Église, 56270 Ploemeur, France",09 83 34 92 51,47.7367809,-3.4274019,cible,,,,,,,,,
T13,Mer,Ploemeur,25 Pl. de l'Église / 9 Rue Sainte-Anne,11,Orchis,"3 Pl. de l'Église, 56270 Ploemeur, France",02 97 85 29 60,47.736781199999996,-3.4272533999999997,cible,,,,,,,,,
T13,Mer,Ploemeur,25 Pl. de l'Église / 9 Rue Sainte-Anne,12,Pharmacie Delcroix,"6 Pl. Jean Falquerho, 56270 Ploemeur, France",02 97 86 71 02,47.7367904,-3.4290198999999997,cible,,,,,,,,,
T14,Ven,Auray,1 Rue du Château / 7 Rue du Lait,1,Mousqueton,"1 Rue du Château, 56400 Auray, France",02 97 31 14 74,47.6666744,-2.982398,cible,,,,,,,,,
T14,Ven,Auray,1 Rue du Château / 7 Rue du Lait,2,Les Mystères De Merlin,"7 Rue du Lait, 56400 Auray, France",06 64 68 79 42,47.6666865,-2.9845492,cible,,,,,,,,,
T14,Ven,Auray,1 Rue du Château / 7 Rue du Lait,3,MBA Mutuelle - Mutuelle à Auray,"32 Pl. de la République, 56400 Auray, France",02 99 29 66 00,47.6667196,-2.9835072,cible,,,,,,,,,
T14,Ven,Auray,1 Rue du Château / 7 Rue du Lait,4,KOOKAI AURAY,"38 Pl. de la République, 56400 Auray, France",02 50 86 99 39,47.6667419,-2.9836253999999998,cible,,,,,,,,,
T14,Ven,Auray,1 Rue du Château / 7 Rue du Lait,5,Cartron - L'émotion gourmande,"40 Pl. de la République, 56400 Auray, France",02 97 24 02 97,47.666749599999996,-2.9838155,cible,,,,,,,,,
T14,Ven,Auray,1 Rue du Château / 7 Rue du Lait,6,Bonobo,"62 Pl. de la République, 56400 Auray, France",02 97 56 35 79,47.66675000000001,-2.98385,cible,,,,,,,,,
T14,Ven,Auray,1 Rue du Château / 7 Rue du Lait,7,Kraquante,"30 Pl. de la République, 56400 Auray, France",02 56 54 39 39,47.666750099999994,-2.9837446,cible,,,,,,,,,
T14,Ven,Auray,1 Rue du Château / 7 Rue du Lait,8,MSA des Portes de Bretagne,"11 Av. Wilson, 56400 Auray, France",02 97 50 71 37,47.6667519,-2.9820409999999997,cible,,,,,,,,,
T14,Ven,Auray,1 Rue du Château / 7 Rue du Lait,9,Le Salon,"9 Av. Wilson, 56400 Auray, France",02 97 56 32 71,47.666753899999996,-2.9821884000000005,cible,,,,,,,,,
T14,Ven,Auray,1 Rue du Château / 7 Rue du Lait,10,Monceau Assurances - Cabinet Antoine Duran,"16 Av. Wilson, 56400 Auray, France",02 97 52 10 68,47.666762999999996,-2.981678,cible,,,,,,,,,
T14,Ven,Auray,1 Rue du Château / 7 Rue du Lait,11,Libraire Voyages & Co - Henri Bruneau bouquiniste,"1 Rue Philippe Vannier, 56400 Auray, France",02 97 58 26 08,47.6667651,-2.9823098999999997,cible,,,,,,,,,
T14,Ven,Auray,1 Rue du Château / 7 Rue du Lait,12,Librairie Auréole,"16 Rue du Lait, 56400 Auray, France",02 97 29 16 75,47.6667773,-2.9851281999999997,cible,,,,,,,,,
T15,Ven,Plouay,5 Pl. de la Mairie / 7 Pl. de la Mairie,1,Savoir F'hair,"5 Pl. de la Mairie, 56240 Plouay, France",02 97 33 35 61,47.9155422,-3.3344072999999996,cible,,,,,,,,,
T15,Ven,Plouay,5 Pl. de la Mairie / 7 Pl. de la Mairie,2,Fleuriste Interflora,"7 Pl. de la Mairie, 56240 Plouay, France",02 97 21 64 06,47.9155447,-3.3341577,cible,,,,,,,,,
T15,Ven,Plouay,5 Pl. de la Mairie / 7 Pl. de la Mairie,3,Gicquel Anthony,"1 Pl. de la Mairie, 56240 Plouay, France",02 97 33 23 11,47.9155473,-3.3352314,cible,,,,,,,,,
T15,Ven,Plouay,5 Pl. de la Mairie / 7 Pl. de la Mairie,4,Le Celtic - bar Tabac Presse FDJ,"6 Pl. de la Mairie, 56240 Plouay, France",02 97 33 32 88,47.9155474,-3.3342668,cible,,,,,,,,,
T15,Ven,Plouay,5 Pl. de la Mairie / 7 Pl. de la Mairie,5,A la Cascade de Fleurs,"7 Pl. de la Mairie, 56240 Plouay, France",02 97 21 64 06,47.9155528,-3.3341588,cible,,,,,,,,,
T15,Ven,Plouay,5 Pl. de la Mairie / 7 Pl. de la Mairie,6,Agence immobilière Laforêt Plouay,"1 Rue des Alliés, 56240 Plouay, France",02 97 11 10 10,47.915603,-3.3338957,cible,,,,,,,,,
T15,Ven,Plouay,5 Pl. de la Mairie / 7 Pl. de la Mairie,7,O' saveurs gourmandes,"2 Rue Brizeux, 56240 Plouay, France",02 97 33 35 46,47.915609,-3.3374580000000003,cible,,,,,,,,,
T15,Ven,Plouay,5 Pl. de la Mairie / 7 Pl. de la Mairie,8,Crédit Mutuel de Bretagne PLOUAY,"6 Rue du Général de Gaulle, 56240 Plouay, France",02 97 33 01 40,47.9156177,-3.3356031,cible,,,,,,,,,
T15,Ven,Plouay,5 Pl. de la Mairie / 7 Pl. de la Mairie,9,Crédit Mutuel de Bretagne Pôle Professionnel et Patrimonial PLOUAY,"6 Rue du Général de Gaulle, 56240 Plouay, France",02 97 84 77 20,47.9156177,-3.3356031,cible,,,,,,,,,
T15,Ven,Plouay,5 Pl. de la Mairie / 7 Pl. de la Mairie,10,Nature et sens coiffure,"3 Pl. du Vieux Château, 56240 Plouay, France",02 97 81 25 11,47.9156532,-3.3341376,cible,,,,,,,,,
T15,Ven,Plouay,5 Pl. de la Mairie / 7 Pl. de la Mairie,11,Paul Diard coiffure Plouay,"10 Rue du Général de Gaulle, 56240 Plouay, France",02 97 33 16 29,47.915693600000004,-3.3358596,cible,,,,,,,,,
T15,Ven,Plouay,5 Pl. de la Mairie / 7 Pl. de la Mairie,12,Ma Vie de Cookie,"12 bis Rue du Général de Gaulle, 56240 Plouay, France",06 35 56 29 89,47.915732299999995,-3.3361359999999998,cible,,,,,,,,,
T16,Jeu,Hennebont,5bis Av. de la Libération / 33 Rue Trottier,1,Park Immobilier Hennebont,"5bis Av. de la Libération, 56700 Hennebont, France",02 97 35 48 44,47.804036599999996,-3.2786548,cible,,,,,,,,,
T16,Jeu,Hennebont,5bis Av. de la Libération / 33 Rue Trottier,2,SPEED BURGER HENNEBONT,"33 Rue Trottier, 56700 Hennebont, France",02 90 38 09 87,47.8041863,-3.2791919999999997,cible,,,,,,,,,
T16,Jeu,Hennebont,5bis Av. de la Libération / 33 Rue Trottier,3,Agence immobilière Laforêt Hennebont,"7 Av. de la Libération, 56700 Hennebont, France",02 97 85 18 18,47.8042871,-3.2784353999999998,cible,,,,,,,,,
T16,Jeu,Hennebont,5bis Av. de la Libération / 33 Rue Trottier,4,Domino's Pizza Hennebont,"11 Av. de la Libération, 56700 Hennebont, France",02 97 89 00 00,47.8043913,-3.2782497999999998,cible,,,,,,,,,
T16,Jeu,Hennebont,5bis Av. de la Libération / 33 Rue Trottier,5,Universe Frip's | vêtements d’occasion - Hennebont Morbihan,"23 Av. de la Libération, 56700 Hennebont, France",09 80 62 98 24,47.80439440000001,-3.2755810999999997,cible,,,,,,,,,
T16,Jeu,Hennebont,5bis Av. de la Libération / 33 Rue Trottier,6,MMA Assurances HENNEBONT,"13 Av. de la Libération, 56700 Hennebont, France",02 97 36 21 52,47.804442599999994,-3.2779689,cible,,,,,,,,,
T16,Jeu,Hennebont,5bis Av. de la Libération / 33 Rue Trottier,7,Agence Sixieme Avenue Hennebont,"1 Rue de la Tour Saint-Nicolas, 56700 Hennebont, France",02 97 32 29 45,47.8044934,-3.2788804,cible,,,,,,,,,
T16,Jeu,Hennebont,5bis Av. de la Libération / 33 Rue Trottier,8,Métamorphose,"1 Rue de la Tour Saint-Nicolas, 56700 Hennebont, France",02 97 36 24 01,47.8044934,-3.2788804,cible,,,,,,,,,
T16,Jeu,Hennebont,5bis Av. de la Libération / 33 Rue Trottier,9,Courtier indépendant en prêt immobilier - Nadège GUILLOU-CORLAY - LA MAILLE IMMOBILIER,"15 Av. de la Libération, 56700 Hennebont, France",06 77 00 72 77,47.8045348,-3.2778243999999996,cible,,,,,,,,,
T16,Jeu,Hennebont,5bis Av. de la Libération / 33 Rue Trottier,10,Fournil Des Remparts,"25 Rue Trottier, 56700 Hennebont, France",02 97 36 44 12,47.804552799999996,-3.2787321,cible,,,,,,,,,
T16,Jeu,Hennebont,5bis Av. de la Libération / 33 Rue Trottier,11,Crêperie Saint-Géron,"27 Rue Trottier, 56700 Hennebont, France",02 97 36 20 57,47.8045704,-3.2788893,cible,,,,,,,,,
T16,Jeu,Hennebont,5bis Av. de la Libération / 33 Rue Trottier,12,Le Chat Botté,"7 Rue de la Poste, 56700 Hennebont, France",02 97 85 03 09,47.8047513,-3.2779583,cible,,,,,,,,,
T17,Mar,Lanester,Centre Cial Leclerc / 13 B Rue François Mauriac,1,Sa Kereol,"Centre Cial Leclerc, 1 Rue François Mauriac, 56600 Lanester, France",02 97 76 98 95,47.765432,-3.3485563,cible,,,,,,,,,
T17,Mar,Lanester,Centre Cial Leclerc / 13 B Rue François Mauriac,2,Sarl Gauthier X,"13 B Rue François Mauriac, 56600 Lanester, France",02 97 81 31 64,47.7654328,-3.3468514999999996,cible,,,,,,,,,
T17,Mar,Lanester,Centre Cial Leclerc / 13 B Rue François Mauriac,3,Bijoux et confettis,"3 Rue François Mauriac, 56600 Lanester, France",06 42 56 42 09,47.765437399999996,-3.3480007,cible,,,,,,,,,
T17,Mar,Lanester,Centre Cial Leclerc / 13 B Rue François Mauriac,4,Human Immobilier Lanester,"11 Rue François Mauriac, 56600 Lanester, France",02 97 85 04 29,47.7655208,-3.3471233999999996,cible,,,,,,,,,
T17,Mar,Lanester,Centre Cial Leclerc / 13 B Rue François Mauriac,5,TADIM,"13 Rue François Mauriac, 56600 Lanester, France",09 50 15 91 80,47.7655208,-3.3471233999999996,cible,,,,,,,,,
T17,Mar,Lanester,Centre Cial Leclerc / 13 B Rue François Mauriac,6,Désir de Pompes Eurl,"11 Rue François Mauriac, 56600 Lanester, France",02 97 81 25 03,47.765521,-3.347123,cible,,,,,,,,,
T17,Mar,Lanester,Centre Cial Leclerc / 13 B Rue François Mauriac,7,"L'atelier kebab, frites Belges( fait Maison & Fraîche)","23 Rue François Mauriac, 56600 Lanester, France",02 97 50 94 06,47.7656269,-3.3459106999999997,cible,,,,,,,,,
T17,Mar,Lanester,Centre Cial Leclerc / 13 B Rue François Mauriac,8,Les petites voiles rouges,"23B Rue François Mauriac, 56600 Lanester, France",09 86 43 36 11,47.765666599999996,-3.3457339,cible,,,,,,,,,
T17,Mar,Lanester,Centre Cial Leclerc / 13 B Rue François Mauriac,9,Flore Halle Lanester,"77 Rue Marcel Sembat, 56600 Lanester, France",02 97 76 43 60,47.7656784,-3.3453934999999997,cible,,,,,,,,,
T17,Mar,Lanester,Centre Cial Leclerc / 13 B Rue François Mauriac,10,Institut Lorianne beauté Lanester,"78 Rue Marcel Sembat, 56600 Lanester, France",02 97 76 19 94,47.765890899999995,-3.3451408,cible,,,,,,,,,
T17,Mar,Lanester,Centre Cial Leclerc / 13 B Rue François Mauriac,11,Istanbul Barber,"82 Rue Marcel Sembat, 56600 Lanester, France",02 21 88 14 93,47.76613700000001,-3.3449793,cible,,,,,,,,,
T17,Mar,Lanester,Centre Cial Leclerc / 13 B Rue François Mauriac,12,Rapture Clothing,"82 Rue Marcel Sembat, 56600 Lanester, France",06 81 71 86 77,47.76613700000001,-3.3449793,cible,,,,,,,,,
T18,Mer,Larmor-Plage,24 Avenue Charles de Gaulle / 5 Av. de la Plage,1,Agence de Larmor-Plage - Office de Tourisme de Lorient Agglomération,"24 Avenue Charles de Gaulle, 56260 Larmor-Plage, France",02 97 84 78 00,47.7048662,-3.3834491000000004,cible,,,,,,,,,
T18,Mer,Larmor-Plage,24 Avenue Charles de Gaulle / 5 Av. de la Plage,2,Jean-Paul DA SILVA - conseiller immobilier LOGE 7 Larmor Plage,"5 Av. de la Plage, 56260 Larmor-Plage, France",06 49 35 06 55,47.70509,-3.3833841,cible,,,,,,,,,
T18,Mer,Larmor-Plage,24 Avenue Charles de Gaulle / 5 Av. de la Plage,3,Loge 7 Immobilier,"5 Av. de la Plage, 56260 Larmor-Plage, France",02 52 75 07 06,47.70509,-3.3833841,cible,,,,,,,,,
T18,Mer,Larmor-Plage,24 Avenue Charles de Gaulle / 5 Av. de la Plage,4,Le Taquet,"1 Quai Bellevue, 56260 Larmor-Plage, France",06 95 97 03 13,47.705152,-3.3815052000000003,cible,,,,,,,,,
T18,Mer,Larmor-Plage,24 Avenue Charles de Gaulle / 5 Av. de la Plage,5,Maison de la Presse de Larmor-Plage,"4 Av. de la Plage, 56260 Larmor-Plage, France",02 97 33 77 98,47.705272099999995,-3.3831979999999997,cible,,,,,,,,,
T18,Mer,Larmor-Plage,24 Avenue Charles de Gaulle / 5 Av. de la Plage,6,La Famiglia,"11 Place Notre Dame, 56260 Larmor-Plage, France",02 97 11 24 48,47.7054954,-3.3829341,cible,,,,,,,,,
T18,Mer,Larmor-Plage,24 Avenue Charles de Gaulle / 5 Av. de la Plage,7,Maison Le Calvé,"9 Place Notre Dame, 56260 Larmor-Plage, France",02 97 02 68 15,47.705549100000006,-3.3830416999999997,cible,,,,,,,,,
T18,Mer,Larmor-Plage,24 Avenue Charles de Gaulle / 5 Av. de la Plage,8,Clinique Vétérinaire Anicoon Larmor-Plage,"11 Avenue Charles de Gaulle, 56260 Larmor-Plage, France",02 97 33 62 62,47.7056537,-3.3857293,cible,,,,,,,,,
T18,Mer,Larmor-Plage,24 Avenue Charles de Gaulle / 5 Av. de la Plage,9,R'Marin,"6 Av. du Général de Gaulle, 56260 Larmor-Plage, France",02 97 65 40 10,47.7057947,-3.3844597999999997,cible,,,,,,,,,
T18,Mer,Larmor-Plage,24 Avenue Charles de Gaulle / 5 Av. de la Plage,10,L'Artisan coiffeur,"13 Place Notre Dame, 56260 Larmor-Plage, France",02 97 65 56 77,47.7058167,-3.3821995,cible,,,,,,,,,
T18,Mer,Larmor-Plage,24 Avenue Charles de Gaulle / 5 Av. de la Plage,11,Le Terminus,"3 Place Notre Dame, 56260 Larmor-Plage, France",02 97 02 92 98,47.7058334,-3.3832714,cible,,,,,,,,,
T18,Mer,Larmor-Plage,24 Avenue Charles de Gaulle / 5 Av. de la Plage,12,Namiko,"13 Place Notre Dame, 56260 Larmor-Plage, France",02 97 11 41 75,47.7058894,-3.3822257,cible,,,,,,,,,
T19,Lun,Lorient-Merville,1 Rue Beauvais / 8 Cr de Chazelles,1,Voyages Coopératifs,"1 Rue Beauvais, 56100 Lorient, France",02 97 21 51 29,47.7561239,-3.3646496,cible,,,,,,,,,
T19,Lun,Lorient-Merville,1 Rue Beauvais / 8 Cr de Chazelles,2,Espace Coiffure,"8 Cr de Chazelles, 56100 Lorient, France",02 97 21 27 49,47.75658610000001,-3.363962,cible,,,,,,,,,
T19,Lun,Lorient-Merville,1 Rue Beauvais / 8 Cr de Chazelles,3,SnapCoupe,"salon de coiffure, 10 Rue Paul Guieysse, 56100 Lorient, France",02 90 98 10 05,47.7567752,-3.3655190999999998,cible,,,,,,,,,
T19,Lun,Lorient-Merville,1 Rue Beauvais / 8 Cr de Chazelles,4,Atelier de Coiffure,"10 Rue Paul Guieysse, 56100 Lorient, France",02 90 98 10 05,47.756795,-3.3654815,cible,,,,,,,,,
T19,Lun,Lorient-Merville,1 Rue Beauvais / 8 Cr de Chazelles,5,Alexandre Ferré | Conseiller Immobilier Lorient,"6 Cr de Chazelles, 56100 Lorient, France",06 59 21 26 12,47.756795499999996,-3.3640922,cible,,,,,,,,,
T19,Lun,Lorient-Merville,1 Rue Beauvais / 8 Cr de Chazelles,6,Pharmacie de Kerentrech Totum,"26 Rue Paul Guieysse, 56100 Lorient, France",02 97 64 34 75,47.756893,-3.3668004999999996,cible,,,,,,,,,
T19,Lun,Lorient-Merville,1 Rue Beauvais / 8 Cr de Chazelles,7,C,"24 Rue Paul Guieysse, 56100 Lorient, France",02 90 61 31 69,47.7569095,-3.3665247,cible,,,,,,,,,
T19,Lun,Lorient-Merville,1 Rue Beauvais / 8 Cr de Chazelles,8,Monceau Assurances - Cabinet Antoine Duran,"1 Rue Paul Guieysse, 56100 Lorient, France",02 97 37 97 37,47.757090999999996,-3.364786,cible,,,,,,,,,
T19,Lun,Lorient-Merville,1 Rue Beauvais / 8 Cr de Chazelles,9,BAR LE CHARLY ' S,"29 Rue Paul Guieysse, 56100 Lorient, France",07 78 40 90 75,47.757120199999996,-3.3668487999999996,cible,,,,,,,,,
T19,Lun,Lorient-Merville,1 Rue Beauvais / 8 Cr de Chazelles,10,Le Nicot,"31 Rue Jules Simon, 56100 Lorient, France",02 97 21 23 83,47.7571814,-3.3673023,cible,,,,,,,,,
T19,Lun,Lorient-Merville,1 Rue Beauvais / 8 Cr de Chazelles,11,Sacs et accessoires en matière recyclée - La Fée des Djinns,"Rue Paul Guieysse, 56100 Lorient, France",06 12 76 81 58,47.7572586,-3.3697594,cible,,,,,,,,,
T19,Lun,Lorient-Merville,1 Rue Beauvais / 8 Cr de Chazelles,12,Urban Hair SARL,"47 Rue Paul Guieysse, 56100 Lorient, France",02 97 21 37 00,47.757342099999995,-3.3686127999999997,cible,,,,,,,,,
T20,Lun,Lorient-centre,7 Rue du Port / 1 Pl. Aristide Briand,1,Au Vent des Mots,"7 Rue du Port, 56100 Lorient, France",02 97 84 16 50,47.747841199999996,-3.3625915,cible,,,,,,,,,
T20,Lun,Lorient-centre,7 Rue du Port / 1 Pl. Aristide Briand,2,Agence Havas Voyages Lorient | Espace Club Med,"1 Pl. Aristide Briand, 56100 Lorient, France",02 97 21 59 32,47.747875799999996,-3.3638670999999998,cible,,,,,,,,,
T20,Lun,Lorient-centre,7 Rue du Port / 1 Pl. Aristide Briand,3,Foot Locker,"1, Rue du, Av. du Faouédic, 56100 Lorient, France",02 57 58 00 31,47.7479015,-3.3643578,cible,,,,,,,,,
T20,Lun,Lorient-centre,7 Rue du Port / 1 Pl. Aristide Briand,4,BOUYGUES TELECOM LORIENT,"1 Pl. Aristide Briand, 56100 Lorient, France",09 86 01 02 34,47.7479108,-3.3639834,cible,,,,,,,,,
T20,Lun,Lorient-centre,7 Rue du Port / 1 Pl. Aristide Briand,5,EAT SUSHI Lorient,"3 Pl. Aristide Briand, 56100 Lorient, France",02 97 30 38 38,47.747959599999994,-3.3641387999999997,cible,,,,,,,,,
T20,Lun,Lorient-centre,7 Rue du Port / 1 Pl. Aristide Briand,6,Le Palladium,"1 Parv. du Grand Théâtre, 56100 Lorient, France",02 97 37 74 19,47.747994899999995,-3.3667479,cible,,,,,,,,,
T20,Lun,Lorient-centre,7 Rue du Port / 1 Pl. Aristide Briand,7,Home Partner La Conciergerie de LORIENT,"2 Av. du Faouédic, 56100 Lorient, France",07 86 52 36 12,47.748090399999995,-3.3649845,cible,,,,,,,,,
T20,Lun,Lorient-centre,7 Rue du Port / 1 Pl. Aristide Briand,8,Info Jeunes Lorient (BIJ),"Esplanade Du Moustoir, Rue Sarah Bernhardt, 56100 Lorient, France",02 97 84 84 57,47.7481137,-3.3675279,cible,,,,,,,,,
T20,Lun,Lorient-centre,7 Rue du Port / 1 Pl. Aristide Briand,9,L'Aromate - Bar à Salades,"2 Av. du Faouédic, 56100 Lorient, France",09 50 12 23 44,47.748124999999995,-3.3649986000000003,cible,,,,,,,,,
T20,Lun,Lorient-centre,7 Rue du Port / 1 Pl. Aristide Briand,10,Athalia Voyages,"4 Av. du Faouédic, 56100 Lorient, France",02 97 21 17 17,47.748224199999996,-3.3647348999999998,cible,,,,,,,,,
T20,Lun,Lorient-centre,7 Rue du Port / 1 Pl. Aristide Briand,11,Culinarion | LORIENT,"32 Rue de Liège, 56100 Lorient, France",02 97 21 03 04,47.7482598,-3.3611665,cible,,,,,,,,,
T20,Lun,Lorient-centre,7 Rue du Port / 1 Pl. Aristide Briand,12,Selectour - Celtea Voyages,"6 Av. du Faouédic, 56100 Lorient, France",02 97 64 53 53,47.748287999999995,-3.364655,cible,,,,,,,,,
T21,Lun,Lorient-centre,5 Rue du Couëdic / 4 Rue Joseph Rollo,1,Pierre de Lune,"5 Rue du Couëdic, 56100 Lorient, France",02 97 84 96 07,47.748880199999995,-3.3640320000000004,cible,,,,,,,,,
T21,Lun,Lorient-centre,5 Rue du Couëdic / 4 Rue Joseph Rollo,2,Jérôme Le Teuff Pâtissier Chocolatier Lorient,"4 Rue Joseph Rollo, 56100 Lorient, France",02 97 21 08 81,47.748906299999994,-3.3643373999999997,cible,,,,,,,,,
T21,Lun,Lorient-centre,5 Rue du Couëdic / 4 Rue Joseph Rollo,3,Momie Lorient,"11 Rue de l'Assemblée nationale, 56100 Lorient, France",02 59 16 24 20,47.7489223,-3.3627411,cible,,,,,,,,,
T21,Lun,Lorient-centre,5 Rue du Couëdic / 4 Rue Joseph Rollo,4,CESAR LORIENT by Merano Intérieur,"12 Rue des Fontaines, 56100 Lorient, France",09 87 16 05 92,47.748974,-3.3603616,cible,,,,,,,,,
T21,Lun,Lorient-centre,5 Rue du Couëdic / 4 Rue Joseph Rollo,5,COMPTOIR NATIONAL DE L'OR - Lorient,"15 Bd du Général Leclerc, 56100 Lorient, France",07 60 91 64 52,47.7490272,-3.365547,cible,,,,,,,,,
T21,Lun,Lorient-centre,5 Rue du Couëdic / 4 Rue Joseph Rollo,6,Japanim Lorient,"4 Rue des Fontaines, 56100 Lorient, France",09 81 26 98 83,47.7491164,-3.3607677999999996,cible,,,,,,,,,
T21,Lun,Lorient-centre,5 Rue du Couëdic / 4 Rue Joseph Rollo,7,LYZO,"4 Rue de Liège, 56100 Lorient, France",07 49 11 88 87,47.7491738,-3.3635802,cible,,,,,,,,,
T21,Lun,Lorient-centre,5 Rue du Couëdic / 4 Rue Joseph Rollo,8,Cuisines Frédéric Louët - Cuisines Haut de Gamme NOLTE à Lorient,"58 Rue du Maréchal Foch, 56100 Lorient, France",02 97 35 10 96,47.7492343,-3.3592125,cible,,,,,,,,,
T21,Lun,Lorient-centre,5 Rue du Couëdic / 4 Rue Joseph Rollo,9,Le Nemrut kebab,"8 Bd du Général Leclerc, 56100 Lorient, France",09 80 71 91 60,47.749308,-3.3662896,cible,,,,,,,,,
T21,Lun,Lorient-centre,5 Rue du Couëdic / 4 Rue Joseph Rollo,10,Cuisines et vous,"35 Rue du Maréchal Foch, 56100 Lorient, France",02 97 85 10 34,47.749390299999995,-3.3596429,cible,,,,,,,,,
T21,Lun,Lorient-centre,5 Rue du Couëdic / 4 Rue Joseph Rollo,11,Mijo Cuisine,"Chez Cuisines et vous, 35 Rue du Maréchal Foch, 56100 Lorient, France",02 97 85 10 34,47.749390299999995,-3.3596429,cible,,,,,,,,,
T21,Lun,Lorient-centre,5 Rue du Couëdic / 4 Rue Joseph Rollo,12,MOD'AICHA,"19 Bd du Général Leclerc, 56100 Lorient, France",07 87 43 56 28,47.749405499999995,-3.3657660999999996,cible,,,,,,,,,
T22,Jeu,Queven,Rond Point de Runio / ROND POINT BEG RUNIO,1,LE GLEUT AUTOMOBILES,"Rond Point de Runio, 56530 Quéven, France",02 97 80 14 80,47.782803,-3.413645,cible,,,,,,,,,
T22,Jeu,Queven,Rond Point de Runio / ROND POINT BEG RUNIO,2,Citroen ATLANTIC AUTO QUEVEN,"ROND POINT BEG RUNIO, 56530 Quéven, France",02 97 80 14 70,47.7833064,-3.4145817,cible,,,,,,,,,
T22,Jeu,Queven,Rond Point de Runio / ROND POINT BEG RUNIO,3,A&C Immobilier,"60 Rue Jean Jaurès, 56530 Quéven, France",06 62 19 97 28,47.7860468,-3.4160328,cible,,,,,,,,,
T22,Jeu,Queven,Rond Point de Runio / ROND POINT BEG RUNIO,4,Lucas Burgers Quéven,"59 Rue Jean Jaurès, 56530 Quéven, France",09 81 49 64 13,47.786120399999994,-3.415667,cible,,,,,,,,,
T22,Jeu,Queven,Rond Point de Runio / ROND POINT BEG RUNIO,5,La Cucina Pizza,"59 Rue Jean Jaurès, 56530 Quéven, France",02 97 05 15 00,47.786162,-3.4157729999999997,cible,,,,,,,,,
T22,Jeu,Queven,Rond Point de Runio / ROND POINT BEG RUNIO,6,Anadolu Grill,"57 BIS Rue Jean Jaurès, 56530 Quéven, France",09 53 08 84 66,47.786255999999995,-3.415825,cible,,,,,,,,,
T22,Jeu,Queven,Rond Point de Runio / ROND POINT BEG RUNIO,7,Ty Mam'Goz,"57 bis Rue Jean Jaurès, 56530 Quéven, France",07 49 09 04 64,47.7864386,-3.4157292,cible,,,,,,,,,
T22,Jeu,Queven,Rond Point de Runio / ROND POINT BEG RUNIO,8,Le Jaurès,"52 Rue Jean Jaurès, 56530 Quéven, France",02 97 05 06 52,47.786585599999995,-3.4160128000000003,cible,,,,,,,,,
T22,Jeu,Queven,Rond Point de Runio / ROND POINT BEG RUNIO,9,Agence Nestenn Immobilier Quéven,"55 Rue Jean Jaurès, 56530 Quéven, France",02 97 80 20 80,47.786770399999995,-3.4157077,cible,,,,,,,,,
T22,Jeu,Queven,Rond Point de Runio / ROND POINT BEG RUNIO,10,Kerlocation,"48 Rue Jean Jaurès, 56530 Quéven, France",02 97 05 40 21,47.7868755,-3.4160672,cible,,,,,,,,,
T22,Jeu,Queven,Rond Point de Runio / ROND POINT BEG RUNIO,11,Queven Immobilier Servia immobilier,"48 Rue Jean Jaurès, 56530 Quéven, France",02 97 05 40 21,47.7868755,-3.4160672,cible,,,,,,,,,
T22,Jeu,Queven,Rond Point de Runio / ROND POINT BEG RUNIO,12,Les freros Seb&Nico,"45 Rue Jean Jaurès, 56530 Quéven, France",02 97 05 04 68,47.7872494,-3.4158561,cible,,,,,,,,,
T23,Mer,Guidel,10 Pl. de Polignac / 6 Rue Capitaine Quillien,1,PIZZ'APPETIT – Pizzeria artisanale à Guidel,"10 Pl. de Polignac, 56520 Guidel, France",02 97 65 30 31,47.7892927,-3.4886078000000005,cible,,,,,,,,,
T23,Mer,Guidel,10 Pl. de Polignac / 6 Rue Capitaine Quillien,2,Le melting,"6 Rue Capitaine Quillien, 56520 Guidel, France",02 97 02 91 45,47.7894085,-3.4868946999999997,cible,,,,,,,,,
T23,Mer,Guidel,10 Pl. de Polignac / 6 Rue Capitaine Quillien,3,Crêperie La Frégate,"1 Pl. de Polignac, 56520 Guidel, France",02 97 65 07 17,47.789438,-3.487548,cible,,,,,,,,,
T23,Mer,Guidel,10 Pl. de Polignac / 6 Rue Capitaine Quillien,4,Pâtisserie Claire & Romain,"14 Pl. de Polignac, 56520 Guidel, France",09 81 20 94 80,47.789597699999995,-3.4886614999999996,cible,,,,,,,,,
T23,Mer,Guidel,10 Pl. de Polignac / 6 Rue Capitaine Quillien,5,CHEZ MON COIFFEUR - GUIDEL,"2 Pl. Jaffré, 56520 Guidel, France",02 97 65 03 21,47.7896344,-3.4874497,cible,,,,,,,,,
T23,Mer,Guidel,10 Pl. de Polignac / 6 Rue Capitaine Quillien,6,Céline C.,"5 Rue du Stanco, 56520 Guidel, France",02 97 65 33 23,47.789674299999994,-3.4893389,cible,,,,,,,,,
T23,Mer,Guidel,10 Pl. de Polignac / 6 Rue Capitaine Quillien,7,MMA Assurances GUIDEL PLOEMEUR,"2A Rue de Saint-Maurice, 56520 Guidel, France",02 97 65 32 75,47.7896931,-3.4890094,cible,,,,,,,,,
T23,Mer,Guidel,10 Pl. de Polignac / 6 Rue Capitaine Quillien,8,LGB Revetement de sol,"1 Pl. du 10 Mai 1945, 56520 Guidel, France",06 59 01 35 39,47.7897116,-3.4821701999999997,cible,,,,,,,,,
T23,Mer,Guidel,10 Pl. de Polignac / 6 Rue Capitaine Quillien,9,Marlène Prêt à Porter,"1rue Saint Maurice, 1 Rue de Saint-Maurice, 56520 Guidel, France",02 97 84 23 41,47.7897448,-3.4887002000000003,cible,,,,,,,,,
T23,Mer,Guidel,10 Pl. de Polignac / 6 Rue Capitaine Quillien,10,Le Kafé Iodé,"1 Rue de Saint-Maurice, 56520 Guidel, France",06 58 06 81 10,47.78974960000001,-3.4885327,cible,,,,,,,,,
T23,Mer,Guidel,10 Pl. de Polignac / 6 Rue Capitaine Quillien,11,Pluriel Coiffure,"2 Rue de Saint-Maurice, 56520 Guidel, France",02 97 65 04 05,47.7897744,-3.4890643999999997,cible,,,,,,,,,
T23,Mer,Guidel,10 Pl. de Polignac / 6 Rue Capitaine Quillien,12,LA CAPPADOCE KEBAB,"2 Rue de Saint-Maurice, 56520 Guidel, France",02 97 11 05 42,47.789811199999995,-3.4890578999999997,cible,,,,,,,,,
T24,Lun,Lorient-centre,4 Av. Anatole France / 11 Rue Auguste Nayel,1,Pharmacie des Halles,"4 Av. Anatole France, 56100 Lorient, France",02 97 64 14 54,47.746397699999996,-3.3664585999999996,cible,,,,,,,,,
T24,Lun,Lorient-centre,4 Av. Anatole France / 11 Rue Auguste Nayel,2,Espace Nayel,"11 Rue Auguste Nayel, 56100 Lorient, France",02 97 35 25 84,47.7468071,-3.3613919,cible,,,,,,,,,
T24,Lun,Lorient-centre,4 Av. Anatole France / 11 Rue Auguste Nayel,3,Photomaton,"MONOPRIX, Cc Espace Nayel, Quai des Indes, 56100 Lorient, France",09 70 82 32 46,47.746865799999995,-3.3621630999999996,cible,,,,,,,,,
T24,Lun,Lorient-centre,4 Av. Anatole France / 11 Rue Auguste Nayel,4,Fracas : Librairie indépendante ¬ Atelier de céramique ¬ Café,"11 Rue Auguste Nayel, 56100 Lorient, France",02 97 85 35 32,47.7470216,-3.3612113,cible,,,,,,,,,
T24,Lun,Lorient-centre,4 Av. Anatole France / 11 Rue Auguste Nayel,5,K'PITAL,"1 Av. Anatole France, 56100 Lorient, France",02 97 06 37 31,47.7470497,-3.3664905000000003,cible,,,,,,,,,
T24,Lun,Lorient-centre,4 Av. Anatole France / 11 Rue Auguste Nayel,6,MONOPRIX,"Espace Nayel"" Centre Commercial, 56100 Lorient, France",02 97 87 72 20,47.747285999999995,-3.3624909,cible,,,,,,,,,
T24,Lun,Lorient-centre,4 Av. Anatole France / 11 Rue Auguste Nayel,7,Tapis Vintage - Galerie de Liège Lorient,"59 Rue de Liège, 56100 Lorient, France",06 23 87 24 88,47.7475052,-3.3598206,cible,,,,,,,,,
T24,Lun,Lorient-centre,4 Av. Anatole France / 11 Rue Auguste Nayel,8,Morgan Gendreau - Conseillère immobilier -Le Bec Immobilier Lorient,"4 Pl. Jules Ferry, 56100 Lorient, France",06 49 61 54 50,47.7476084,-3.3643905999999997,cible,,,,,,,,,
T24,Lun,Lorient-centre,4 Av. Anatole France / 11 Rue Auguste Nayel,9,LE BEC Immobilier Lorient,"4 Pl. Jules Ferry, 56100 Lorient, France",02 97 21 30 59,47.7476093,-3.364322,cible,,,,,,,,,
T24,Lun,Lorient-centre,4 Av. Anatole France / 11 Rue Auguste Nayel,10,Flying Tiger Copenhagen,"40 Rue du Port, 56100 Lorient, France",09 62 57 44 80,47.747648899999994,-3.3613325,cible,,,,,,,,,
T24,Lun,Lorient-centre,4 Av. Anatole France / 11 Rue Auguste Nayel,11,MELODYKEYS,"31 Rue des Fontaines, 56100 Lorient, France",06 09 07 39 46,47.747804099999996,-3.3593550999999997,cible,,,,,,,,,
T24,Lun,Lorient-centre,4 Av. Anatole France / 11 Rue Auguste Nayel,12,C&C Lorient - Apple Premium Reseller et Centre de Services Agréé,"30 Rue du Port, 56100 Lorient, France",02 97 84 80 10,47.7478376,-3.3618535,cible,,,,,,,,,
T25,Ven,Auray,1 Rue Lionel Huette / 10 Rue Jean Marie Barre,1,Atelier boutique Ty Kador,"1 Rue Lionel Huette, 56400 Auray, France",06 95 64 04 28,47.6671264,-2.9829558,cible,,,,,,,,,
T25,Ven,Auray,1 Rue Lionel Huette / 10 Rue Jean Marie Barre,2,SAPA - Restaurant Asian Food à Auray,"10 Rue Jean Marie Barre, 56400 Auray, France",02 97 31 88 46,47.6671738,-2.9848151,cible,,,,,,,,,
T25,Ven,Auray,1 Rue Lionel Huette / 10 Rue Jean Marie Barre,3,Morel - Cuisines et Aménagements - Auray,"30 Rue Louis Billet Centre Ville, 56400 Auray, France",02 56 54 10 48,47.6671743,-2.9906896,cible,,,,,,,,,
T25,Ven,Auray,1 Rue Lionel Huette / 10 Rue Jean Marie Barre,4,Retritex,"39 Rue de Keriolet, 56400 Auray, France",09 64 23 00 75,47.6671762,-2.983949,cible,,,,,,,,,
T25,Ven,Auray,1 Rue Lionel Huette / 10 Rue Jean Marie Barre,5,D.K Men Corp.,"12 Rue Jean Marie Barre, 56400 Auray, France",09 83 59 31 64,47.6672259,-2.9847656,cible,,,,,,,,,
T25,Ven,Auray,1 Rue Lionel Huette / 10 Rue Jean Marie Barre,6,Emmaüs Sacré Dressing ! - Retritex,"39 Rue de Keriolet, 56400 Auray, France",02 97 29 63 69,47.667231699999995,-2.9838234,cible,,,,,,,,,
T25,Ven,Auray,1 Rue Lionel Huette / 10 Rue Jean Marie Barre,7,Geffroy Yves,"14 Rue Jean Marie Barre, 56400 Auray, France",02 97 24 00 37,47.6672423,-2.9847869,cible,,,,,,,,,
T25,Ven,Auray,1 Rue Lionel Huette / 10 Rue Jean Marie Barre,8,SPAR,"11 Rue Jean Marie Barre, 56400 Auray, France",02 59 16 21 21,47.6673207,-2.9845978,cible,,,,,,,,,
T25,Ven,Auray,1 Rue Lionel Huette / 10 Rue Jean Marie Barre,9,Pharmacie D'alre,"20 Rue Jean Marie Barre, 56400 Auray, France",02 97 24 00 37,47.6673597,-2.9850016999999998,cible,,,,,,,,,
T25,Ven,Auray,1 Rue Lionel Huette / 10 Rue Jean Marie Barre,10,FRAM,"22 Rue Jean Marie Barre, 56400 Auray, France",02 97 24 28 28,47.667376999999995,-2.985035,cible,,,,,,,,,
T25,Ven,Auray,1 Rue Lionel Huette / 10 Rue Jean Marie Barre,11,Eden Tour - Auray,"19 Rue Jean Marie Barre, 56400 Auray, France",02 97 24 28 00,47.6674185,-2.9848808,cible,,,,,,,,,
T25,Ven,Auray,1 Rue Lionel Huette / 10 Rue Jean Marie Barre,12,Tinell,"17 Rue Jean Marie Barre, 56400 Auray, France",02 97 52 03 72,47.6674436,-2.9847688,cible,,,,,,,,,
T26,Mar,Caudan,5 Rue de la Libération / 16 All. des Acacias,1,Une Histoire Une Fleur Artisan Fleuriste,"5 Rue de la Libération, 56850 Caudan, France",02 97 76 05 41,47.8106334,-3.3409036,cible,,,,,,,,,
T26,Mar,Caudan,5 Rue de la Libération / 16 All. des Acacias,2,AXA Prévoyance & Patrimoine Margaux Edy,"16 All. des Acacias, 56850 Caudan, France",07 65 62 13 49,47.81064,-3.3441099999999997,cible,,,,,,,,,
T26,Mar,Caudan,5 Rue de la Libération / 16 All. des Acacias,3,Bar Tabac Presse Le Kaodan,"1 place Louis Le Léannec, 56850 Caudan, France",02 97 05 61 50,47.8106838,-3.3401235,cible,,,,,,,,,
T26,Mar,Caudan,5 Rue de la Libération / 16 All. des Acacias,4,Mama pizza Papa Tacos,"7 Rue de la Libération, 56850 Caudan, France",02 97 24 93 25,47.8106984,-3.3409533,cible,,,,,,,,,
T26,Mar,Caudan,5 Rue de la Libération / 16 All. des Acacias,5,VILLA COIFFURE,"1 espace jean gaudin, 56850 Caudan, France",02 97 05 78 73,47.8107264,-3.3413038,cible,,,,,,,,,
T26,Mar,Caudan,5 Rue de la Libération / 16 All. des Acacias,6,Crédit Mutuel de Bretagne CAUDAN,"11 Rue de la Libération, 56850 Caudan, France",02 97 05 51 00,47.810874,-3.3411815,cible,,,,,,,,,
T26,Mar,Caudan,5 Rue de la Libération / 16 All. des Acacias,7,Pompes Funèbres de Caudan Taté - Le Berre - Le Choix Funéraire,"6 A Rue de la Libération, 56850 Caudan, France",02 97 05 63 92,47.811349,-3.341118,cible,,,,,,,,,
T26,Mar,Caudan,5 Rue de la Libération / 16 All. des Acacias,8,"LAW-RIANT, Notaires Associés","2 Rue de Kergoff, 56850 Caudan, France",02 57 94 00 20,47.8114261,-3.3419152999999997,cible,,,,,,,,,
T26,Mar,Caudan,5 Rue de la Libération / 16 All. des Acacias,9,Les Fleurs du Scorff,"15 Rue Abel Gance, 56850 Caudan, France",02 97 05 71 22,47.8127905,-3.34691,cible,,,,,,,,,
T26,Mar,Caudan,5 Rue de la Libération / 16 All. des Acacias,10,CAUDAN Citroën - LH Automobiles,"16 Rue de la Libération, 56850 Caudan, France",02 97 05 70 16,47.8128454,-3.3421368000000005,cible,,,,,,,,,
T26,Mar,Caudan,5 Rue de la Libération / 16 All. des Acacias,11,Citroen Garage LH Automobiles,"16 Rue de la Libération, 56850 Caudan, France",02 97 05 70 16,47.8128454,-3.3421368000000005,cible,,,,,,,,,
T26,Mar,Caudan,5 Rue de la Libération / 16 All. des Acacias,12,LE SALON DE CYNDIE,"Centre Commercial de Kerio, Rue Jean Moulin, 56850 Caudan, France",02 97 05 68 19,47.8136155,-3.3444594999999997,cible,,,,,,,,,
T27,Mar,Lanester,102 Rue Marcel Sembat / 31 Av. Georges Guieysse,1,R'studio Lanester,"102 Rue Marcel Sembat, 56600 Lanester, France",02 97 76 64 61,47.767986099999995,-3.3448157,cible,,,,,,,,,
T27,Mar,Lanester,102 Rue Marcel Sembat / 31 Av. Georges Guieysse,2,BelleRéno: peinture et parquet,"31 Av. Georges Guieysse, 56600 Lanester, France",06 76 57 82 57,47.768150899999995,-3.3482114999999997,cible,,,,,,,,,
T27,Mar,Lanester,102 Rue Marcel Sembat / 31 Av. Georges Guieysse,3,Japan Univers,"144 Rue Jean Jaurès, 56600 Lanester, France",07 68 05 58 94,47.7683264,-3.3531119,cible,,,,,,,,,
T27,Mar,Lanester,102 Rue Marcel Sembat / 31 Av. Georges Guieysse,4,Banque Populaire Grand Ouest,"Av. du Cheval Blanc, 56600 Lanester, France",02 72 96 07 30,47.768546799999996,-3.352328,cible,,,,,,,,,
T27,Mar,Lanester,102 Rue Marcel Sembat / 31 Av. Georges Guieysse,5,Pharmacie du Scorff,"152 Rue Jean Jaurès, 56600 Lanester, France",02 97 76 17 29,47.768550999999995,-3.3527983,cible,,,,,,,,,
T27,Mar,Lanester,102 Rue Marcel Sembat / 31 Av. Georges Guieysse,6,SG,"160 Rue Jean Jaurès, 56600 Lanester, France",02 97 76 04 54,47.769039,-3.3516209999999997,cible,,,,,,,,,
T27,Mar,Lanester,102 Rue Marcel Sembat / 31 Av. Georges Guieysse,7,Agence Groupama Lanester,"160 Rue Jean Jaurès, 56600 Lanester, France",02 97 44 48 45,47.769116499999996,-3.3516806999999997,cible,,,,,,,,,
T27,Mar,Lanester,102 Rue Marcel Sembat / 31 Av. Georges Guieysse,8,Bien d'Exception,"162 Rue Jean Jaurès, 56600 Lanester, France",02 97 89 30 30,47.769220399999995,-3.3513891,cible,,,,,,,,,
T27,Mar,Lanester,102 Rue Marcel Sembat / 31 Av. Georges Guieysse,9,Agence immobilière Laforêt Lanester,"162 Rue Jean Jaurès, 56600 Lanester, France",02 97 89 30 30,47.7692536,-3.351414,cible,,,,,,,,,
T27,Mar,Lanester,102 Rue Marcel Sembat / 31 Av. Georges Guieysse,10,Pharmacie Ti Kaol,"21 Av. Kesler Devillers, 56600 Lanester, France",02 97 76 05 36,47.769731,-3.3482674,cible,,,,,,,,,
T27,Mar,Lanester,102 Rue Marcel Sembat / 31 Av. Georges Guieysse,11,MAAF Assurances LANESTER,"211 Rue Jean Jaurès, 56600 Lanester, France",02 97 89 02 00,47.7697496,-3.3511349000000004,cible,,,,,,,,,
T27,Mar,Lanester,102 Rue Marcel Sembat / 31 Av. Georges Guieysse,12,Espace Vidéo Musique SARL,"164 Ter Rue Jean Jaurès, 56600 Lanester, France",02 97 76 15 07,47.7697791,-3.3501304000000003,cible,,,,,,,,,
T28,Ven,Auray,27 Rue Jean Marie Barre / 22 Rue Jean Marie Barre,1,Calèche,"27 Rue Jean Marie Barre, 56400 Auray, France",02 97 29 00 15,47.667504799999996,-2.9850043,cible,,,,,,,,,
T28,Ven,Auray,27 Rue Jean Marie Barre / 22 Rue Jean Marie Barre,2,Salaün Holidays Auray,"22 Rue Jean Marie Barre, 56400 Auray, France",02 97 24 28 28,47.6675128,-2.9850334,cible,,,,,,,,,
T28,Ven,Auray,27 Rue Jean Marie Barre / 22 Rue Jean Marie Barre,3,Bijouterie Guérineau,"31 Rue Jean Marie Barre, 56400 Auray, France",02 97 24 13 42,47.6675506,-2.9851102000000003,cible,,,,,,,,,
T28,Ven,Auray,27 Rue Jean Marie Barre / 22 Rue Jean Marie Barre,4,Restaurant Kabuki,"32 Rue Jean Marie Barre, 56400 Auray, France",02 97 59 39 92,47.667563799999996,-2.9854179999999997,cible,,,,,,,,,
T28,Ven,Auray,27 Rue Jean Marie Barre / 22 Rue Jean Marie Barre,5,Cœur de Fleurs,"7 Av. Maréchal Foch, 56400 Auray, France",02 97 56 20 62,47.6677927,-2.98763,cible,,,,,,,,,
T28,Ven,Auray,27 Rue Jean Marie Barre / 22 Rue Jean Marie Barre,6,MONOPRIX,"11 Av. Maréchal Foch, 56400 Auray, France",02 97 24 05 26,47.668186399999996,-2.9880351,cible,,,,,,,,,
T28,Ven,Auray,27 Rue Jean Marie Barre / 22 Rue Jean Marie Barre,7,Photomaton,"MONOPRIX, 11 Av. Maréchal Foch, 56400 Auray, France",09 70 82 32 46,47.668319,-2.9878329999999997,cible,,,,,,,,,
T28,Ven,Auray,27 Rue Jean Marie Barre / 22 Rue Jean Marie Barre,8,Maison Gabrielle,"26 Rue Georges Clemenceau, 56400 Auray, France",02 97 55 93 81,47.6688076,-2.9864243999999998,cible,,,,,,,,,
T28,Ven,Auray,27 Rue Jean Marie Barre / 22 Rue Jean Marie Barre,9,L ATELIER DE MICHEL,"48 Av. Maréchal Foch, 56400 Auray, France",02 97 58 34 18,47.668937799999995,-2.9880069,cible,,,,,,,,,
T28,Ven,Auray,27 Rue Jean Marie Barre / 22 Rue Jean Marie Barre,10,Le Livre Penseur,"36 Rue Georges Clemenceau, 56400 Auray, France",02 97 50 73 14,47.6691529,-2.9866506,cible,,,,,,,,,
T28,Ven,Auray,27 Rue Jean Marie Barre / 22 Rue Jean Marie Barre,11,Olivier debouchage,"14 Rue du Drezen, 56400 Auray, France",02 90 38 00 56,47.669981,-2.9847424,cible,,,,,,,,,
T28,Ven,Auray,27 Rue Jean Marie Barre / 22 Rue Jean Marie Barre,12,2SIA,"23 Rue François Guhur, 56400 Auray, France",02 97 29 19 42,47.6704456,-2.9778237,cible,,,,,,,,,
T28,Ven,Auray,27 Rue Jean Marie Barre / 22 Rue Jean Marie Barre,13,Pharmacie d'Arvor,"24 Av. du Président John Fitzgerald Kennedy, 56400 Auray, France",02 97 56 32 98,47.670642099999995,-2.9858862999999998,cible,,,,,,,,,
T28,Ven,Auray,27 Rue Jean Marie Barre / 22 Rue Jean Marie Barre,14,Audioprothésiste Audio 2000 Auray,"24 Av. du Président John Fitzgerald Kennedy, 56400 Auray, France",02 97 29 16 55,47.6706748,-2.9856477999999997,cible,,,,,,,,,
T28,Ven,Auray,27 Rue Jean Marie Barre / 22 Rue Jean Marie Barre,15,Pompes Funèbres Roc Eclerc Auray,"21 Rue du Drezen, 56400 Auray, France",02 19 29 05 34,47.67075,-2.985038,cible,,,,,,,,,
T29,Mar,Caudan,Chez Orthopédie LAGARRIGUE / 94 Rue Henri Ducassou,1,BREIZH PODO Caudan,"Chez Orthopédie LAGARRIGUE, 375 Rue Jean Baptiste Martenot, 56850 Caudan, France",02 98 10 23 35,47.7848345,-3.3417086,cible,,,,,,,,,
T29,Mar,Caudan,Chez Orthopédie LAGARRIGUE / 94 Rue Henri Ducassou,2,Timicmac Lorient - Vide Grenier Permanent & Dépôt-vente (ancien magasin Bric ada Brac),"94 Rue Henri Ducassou, 56850 Caudan, France",02 56 37 50 01,47.7850837,-3.3438341,cible,,,,,,,,,
T29,Mar,Caudan,Chez Orthopédie LAGARRIGUE / 94 Rue Henri Ducassou,3,Véloland Lorient - Magasin et Réparation de Vélos,"330 Rue Jean Baptiste Martenot, 56850 Caudan, France",02 97 33 17 90,47.785180999999994,-3.3407959,cible,,,,,,,,,
T29,Mar,Caudan,Chez Orthopédie LAGARRIGUE / 94 Rue Henri Ducassou,4,Pégase&co Sellerie,"200 Rue Pierre Landais, 56850 Caudan, France",02 22 21 77 96,47.7855322,-3.3366248,cible,,,,,,,,,
T29,Mar,Caudan,Chez Orthopédie LAGARRIGUE / 94 Rue Henri Ducassou,5,vendezvotrevoiture.fr Lorient,"200b Rue Pierre Landais, 56850 Caudan, France",02 76 86 33 82,47.785883399999996,-3.3366944000000003,cible,,,,,,,,,
T29,Mar,Caudan,Chez Orthopédie LAGARRIGUE / 94 Rue Henri Ducassou,6,Netto Caudan,"Rue Pierre Landais, 56850 Caudan, France",02 97 81 10 50,47.7859846,-3.3358545,cible,,,,,,,,,
T29,Mar,Caudan,Chez Orthopédie LAGARRIGUE / 94 Rue Henri Ducassou,7,Photomaton,"Netto, 80 Rue Pierre Landais, 56850 Caudan, France",09 70 82 32 46,47.7860061,-3.335845,cible,,,,,,,,,
T29,Mar,Caudan,Chez Orthopédie LAGARRIGUE / 94 Rue Henri Ducassou,8,Würth Proxishop Lorient,"332 Rue Pierre Landais, 56850 Caudan, France",02 97 83 58 38,47.7861137,-3.3350025,cible,,,,,,,,,
T29,Mar,Caudan,Chez Orthopédie LAGARRIGUE / 94 Rue Henri Ducassou,9,BIIM - Bicheray Immobilier,"216 Rue Jean Baptiste Martenot, 56600 Caudan, France",02 97 57 64 34,47.7861176,-3.3408682,cible,,,,,,,,,
T29,Mar,Caudan,Chez Orthopédie LAGARRIGUE / 94 Rue Henri Ducassou,10,La Bovida,"ZI Bellevue, 332 Rue Pierre Landais, 56850 Caudan, France",02 97 37 56 86,47.786183,-3.335241,cible,,,,,,,,,
T29,Mar,Caudan,Chez Orthopédie LAGARRIGUE / 94 Rue Henri Ducassou,11,Groupe Midi Auto,"215 Rue Jean Baptiste Martenot, 56850 Caudan, France",02 97 81 45 14,47.786436099999996,-3.3437259,cible,,,,,,,,,
T29,Mar,Caudan,Chez Orthopédie LAGARRIGUE / 94 Rue Henri Ducassou,12,Peugeot Gemy Lorient,"428 Rue Pierre Landais, 56850 Caudan, France",02 97 76 97 97,47.786621,-3.334484,cible,,,,,,,,,
T30,Lun,Lorient-Merville,45 Rue Paul Guieysse / 63 Rue Paul Guieysse,1,GOLDEN FASHION,"45 Rue Paul Guieysse, 56100 Lorient, France",07 83 77 39 61,47.7573776,-3.3684073999999997,cible,,,,,,,,,
T30,Lun,Lorient-Merville,45 Rue Paul Guieysse / 63 Rue Paul Guieysse,2,Laurent Coiffure,"63 Rue Paul Guieysse, 56100 Lorient, France",02 97 64 45 45,47.7574002,-3.3693511,cible,,,,,,,,,
T30,Lun,Lorient-Merville,45 Rue Paul Guieysse / 63 Rue Paul Guieysse,3,Bar Le Jame’son,"48 Rue Jules Simon, 56100 Lorient, France",09 87 13 30 73,47.757435,-3.3671100999999997,cible,,,,,,,,,
T30,Lun,Lorient-Merville,45 Rue Paul Guieysse / 63 Rue Paul Guieysse,4,Camus sols /JC Pose,"8 Rue de Verdun, 56100 Lorient, France",06 64 89 73 03,47.7575133,-3.3650697999999997,cible,,,,,,,,,
T30,Lun,Lorient-Merville,45 Rue Paul Guieysse / 63 Rue Paul Guieysse,5,Archipel Gourmet,"65 Rue Paul Guieysse, 56100 Lorient, France",07 43 78 13 00,47.757519099999996,-3.3694762999999996,cible,,,,,,,,,
T30,Lun,Lorient-Merville,45 Rue Paul Guieysse / 63 Rue Paul Guieysse,6,Le Jardin Gourmand,"46 Rue Jules Simon, 56100 Lorient, France",02 97 64 17 24,47.757549999999995,-3.3670389999999997,cible,,,,,,,,,
T30,Lun,Lorient-Merville,45 Rue Paul Guieysse / 63 Rue Paul Guieysse,7,Sanctuaire,"81 Rue Paul Guieysse, 56100 Lorient, France",02 97 30 93 72,47.7575873,-3.3705387000000004,cible,,,,,,,,,
T30,Lun,Lorient-Merville,45 Rue Paul Guieysse / 63 Rue Paul Guieysse,8,Kuku Sushi,"87 Rue Paul Guieysse, 56100 Lorient, France",07 51 57 57 54,47.7576331,-3.3710272999999997,cible,,,,,,,,,
T30,Lun,Lorient-Merville,45 Rue Paul Guieysse / 63 Rue Paul Guieysse,9,Chicken Sky,"89 Rue Paul Guieysse, 56100 Lorient, France",02 97 56 18 59,47.7576427,-3.3712088,cible,,,,,,,,,
T30,Lun,Lorient-Merville,45 Rue Paul Guieysse / 63 Rue Paul Guieysse,10,La Table Ronde,"120 Rue Paul Guieysse, 56100 Lorient, France",06 60 18 35 84,47.757785999999996,-3.3746193000000004,cible,,,,,,,,,
T30,Lun,Lorient-Merville,45 Rue Paul Guieysse / 63 Rue Paul Guieysse,11,Cuisinier Privé,"125 Rue Paul Guieysse, 56100 Lorient, France",06 64 94 97 37,47.7578944,-3.3734379999999997,cible,,,,,,,,,
T30,Lun,Lorient-Merville,45 Rue Paul Guieysse / 63 Rue Paul Guieysse,12,Le Tantuni,"139 Rue Paul Guieysse, 56100 Lorient, France",02 97 21 17 42,47.7579418,-3.3742761999999997,cible,,,,,,,,,
